number_of_publications,latest_affiliation_country,dist
71,deu,15
6,tun,410
46,gbr,20
7,tur,69
20,tun,67
5,nld,60
15,nor,5
5,gbr,213
17,prt,19
12,chl,3
20,dnk,5
2,are,89
35,mex,1
100,ita,4
10,lby,4
54,kor,4
52,usa,27
14,pol,10
602,sau,1
52,fra,28
55,fra,20
56,pol,1
72,irn,2
18,tun,95
4,irn,85
1,mar,2609
26,ita,63
8,egy,488
77,fra,11
20,ind,19
34,chn,6
11,sau,39
27,gbr,49
24,che,16
21,jor,20
8,per,2
47,grc,2
54,usa,33
32,eth,1
9,kwt,44
48,rou,1
20,mar,36
9,can,32
50,che,5
3,pak,23
42,sau,7
25,can,19
11,mar,144
3,jpn,66
25,tun,46
56,usa,21
11,deu,81
22,,6
48,usa,38
5,are,37
14,gbr,81
55,bra,3
12,mar,108
3,can,104
36,aut,6
2,jor,771
57,pak,4
7,,54
28,ita,56
1,aus,363
5,arg,11
1,cyp,23
46,usa,36
96,fra,4
25,gbr,46
33,rus,6
15,dnk,9
42,esp,21
5,fra,268
46,ind,9
99,dza,1
6,nzl,7
2,prt,43
19,sau,12
5,can,81
3,aut,43
64,jpn,4
13,ind,21
30,brn,1
14,ita,73
172,pak,1
1,cmr,9
10,deu,86
1,lby,426
23,prt,8
3,ita,179
35,gbr,38
41,swe,9
30,tun,22
37,tun,14
12,tun,139
29,esp,38
4,omn,146
11,can,28
14,tur,27
15,ind,18
15,chn,27
10,cze,13
2,cyp,19
18,isr,25
14,fin,7
106,deu,5
21,fra,90
4,are,41
9,fra,177
51,bra,4
13,chn,21
3,sau,146
6,bhr,17
189,pak,1
29,fra,66
44,ita,20
8,sau,68
7,are,33
7,usa,364
13,bra,13
2,omn,371
24,zaf,6
3,chn,88
14,esp,82
12,nld,29
127,chn,1
53,can,8
1,mex,66
45,nga,1
14,bra,9
8,irn,29
4,deu,204
25,pol,7
34,ita,33
8,usa,306
33,egy,15
23,srb,3
9,grc,15
3,usa,696
16,gbr,73
37,sau,13
20,gtm,1
4,bhr,68
32,aut,2
4,lby,28
5,isr,79
28,esp,34
36,ita,37
14,irn,27
71,esp,5
1,omn,1301
41,gbr,31
12,gbr,98
6,can,61
2,bhr,171
24,irn,15
27,esp,33
3,irn,108
13,irn,20
25,cze,4
2,dnk,32
1,swe,58
21,kwt,7
31,omn,4
90,fra,6
17,usa,156
10,ind,29
96,egy,1
10,srb,5
21,usa,129
10,fra,175
56,jpn,6
13,esp,104
11,ita,100
78,fra,10
33,can,19
13,aus,25
136,chn,3
4,ind,70
18,jpn,20
14,dza,9
17,rus,13
12,ita,100
39,gbr,19
8,fra,189
19,pol,7
26,tur,17
13,sau,41
24,aus,10
16,cze,9
60,deu,13
25,che,17
2,mys,102
91,chn,6
10,eth,11
12,egy,260
150,fra,4
6,chn,52
28,swe,11
22,esp,64
9,irn,45
5,mex,27
11,col,1
14,can,33
10,mar,130
180,deu,1
7,che,21
7,twn,9
28,bel,10
3,tun,785
2,can,124
13,usa,189
4,lbn,30
15,nld,25
28,deu,42
39,egy,7
24,can,11
36,usa,67
25,per,1
2,lbn,66
7,tun,334
11,rus,12
10,kwt,31
24,bra,9
43,pol,4
,,16513
104,aut,2
5,egy,937
3,prt,38
100,chn,3
5,jpn,39
49,ind,5
13,nld,18
46,cze,4
50,tun,8
8,tun,274
1,can,243
26,swe,11
3,fra,364
44,tur,8
3,ind,69
6,,69
14,syr,6
99,nor,1
5,jor,221
53,usa,30
35,esp,27
8,pol,20
15,can,31
16,deu,66
64,aut,2
61,chn,2
1,jpn,143
217,ita,1
15,bhr,8
14,ind,36
59,deu,18
7,ita,140
1,are,181
7,nld,37
41,phl,1
49,mar,5
52,ita,16
1,pol,95
3,dnk,23
23,fra,81
1,deu,693
17,ind,20
68,ita,10
4,hrv,7
27,mys,7
2,lby,92
25,tha,2
9,are,22
52,rus,1
6,gbr,188
263,twn,1
9,egy,437
20,jor,22
5,mys,49
21,mar,37
54,ita,15
13,rus,13
32,esp,39
14,sau,37
52,twn,1
58,zaf,1
1,rus,108
22,bgd,4
2,qat,34
4,mar,527
2,fra,511
35,bfa,2
82,aus,5
3,kwt,204
18,deu,41
8,can,50
231,deu,2
22,chn,24
40,chn,10
13,qat,9
5,esp,139
27,fra,66
5,tur,76
29,jor,5
11,nld,20
16,kaz,1
17,,9
7,swe,16
56,fra,17
86,deu,7
44,dnk,5
28,usa,89
17,gbr,72
1,pry,3
16,aut,5
125,usa,6
56,qat,1
7,irn,66
4,fra,304
148,deu,3
39,usa,51
14,tun,131
1,tgo,5
11,bra,20
8,cyp,2
3,lby,55
44,usa,49
49,fra,20
36,tun,19
4,nld,69
31,bgd,1
22,lva,1
5,deu,153
20,prt,11
5,per,1
3,mex,32
3,yem,45
8,nga,9
12,slv,2
3,nor,22
15,esp,85
17,fra,118
42,fra,29
2,pak,32
5,,58
19,usa,144
15,ita,82
99,bel,3
58,isr,4
24,tun,37
147,usa,1
2,mac,7
1,,1078
7,jor,143
33,ind,9
15,egy,152
21,egy,52
30,ita,39
26,che,13
26,usa,94
28,jpn,15
22,ind,13
3,bra,39
40,aus,12
9,ita,120
5,kwt,87
21,deu,37
15,deu,51
18,tur,31
43,gbr,15
8,ind,33
24,usa,98
21,chn,19
16,pol,15
19,deu,54
143,aut,1
31,mar,10
1,ita,411
107,chn,3
3,npl,4
3,lbn,39
47,prt,8
17,tur,32
8,bra,22
65,deu,9
27,irn,19
51,mex,2
38,ind,7
6,jpn,40
32,mys,8
78,bel,5
110,usa,7
6,ita,124
56,zaf,4
4,egy,1272
20,egy,72
4,esp,189
186,esp,2
2,ind,118
31,fra,53
10,dnk,5
7,bhr,22
1,sau,360
4,tun,621
33,ita,45
129,aus,1
204,gbr,4
1,aut,56
61,prt,5
8,qat,13
21,aus,13
24,deu,56
1,hun,26
125,gbr,3
43,nzl,4
16,jpn,30
75,deu,6
3,tur,98
22,usa,137
96,irn,1
68,aus,6
11,mys,26
168,tun,1
122,deu,5
12,deu,81
5,tun,481
81,mar,2
6,twn,1
9,chn,39
3,mar,711
9,omn,38
1,gbr,844
11,tun,183
35,usa,69
31,cyp,3
9,zaf,15
11,isr,32
5,nor,17
18,usa,150
5,chn,53
4,tur,79
124,nld,2
20,usa,122
21,isr,14
56,sau,5
20,chn,22
33,sau,17
2,aus,167
15,zaf,15
15,nzl,4
18,jor,14
635,chn,1
5,usa,460
23,usa,131
78,nzl,1
94,ita,6
12,can,24
17,esp,79
5,cze,25
80,esp,6
22,tun,58
2,bgd,6
36,fra,45
46,pak,5
10,sau,71
7,idn,2
23,nld,7
37,fra,43
9,usa,310
6,fra,226
10,usa,268
70,twn,1
37,isr,6
15,aus,22
69,usa,15
1,rou,32
40,ind,11
45,egy,11
17,ken,3
29,jpn,13
53,ita,24
34,gbr,32
31,usa,86
26,sau,21
1,cze,56
99,deu,5
8,mar,194
6,ind,59
1,irn,329
10,ita,97
4,grc,35
116,usa,3
10,jor,72
26,gbr,35
48,gbr,22
30,gbr,37
63,mys,2
4,zaf,32
25,eth,2
48,deu,18
4,can,92
3,egy,1651
6,tur,63
6,omn,71
26,aus,12
34,tur,16
26,kor,6
6,mar,299
18,zaf,17
78,irl,2
6,aus,47
5,bra,13
151,zaf,1
2,nor,34
4,mex,18
4,usa,556
63,fra,18
36,gbr,25
3,gbr,354
14,jpn,19
7,gbr,159
58,usa,23
5,sdn,7
16,gha,1
2,usa,1080
6,isr,68
112,deu,1
31,gbr,26
12,jpn,15
36,deu,23
2,hun,25
6,fin,14
16,isr,21
16,ita,62
124,usa,2
12,fra,163
30,usa,71
35,isr,7
13,ita,110
2,ita,229
60,gbr,7
18,fra,100
38,fra,38
18,pak,10
165,can,1
62,deu,10
1,col,22
2,yem,117
125,swe,1
16,egy,132
16,jor,19
1,bel,116
11,bel,27
30,qat,1
11,zaf,14
31,irn,10
3,,146
113,deu,1
20,chl,4
17,mar,46
21,esp,59
4,gbr,270
9,rus,16
13,deu,79
57,fra,17
2,gbr,519
24,mar,27
18,esp,69
16,usa,187
9,nga,9
34,irn,11
51,usa,29
24,nld,8
5,pak,20
93,swe,1
64,gbr,11
42,tun,9
138,gbr,3
79,deu,9
12,,17
2,sau,207
31,esp,33
7,cze,22
27,ita,39
7,aus,38
148,irn,1
30,kor,4
15,isr,35
2,syr,176
37,usa,66
16,tun,99
607,can,1
1,prt,61
3,rou,12
137,gbr,3
38,deu,40
55,usa,28
2,chn,126
33,isr,12
2,kwt,399
466,deu,1
122,usa,8
230,aus,3
12,dza,16
2,bra,50
5,ita,145
32,can,11
17,che,18
53,egy,6
19,ita,75
94,prt,1
12,esp,88
7,egy,620
92,irl,1
21,tur,29
208,mli,1
113,chn,3
2,cze,39
20,fra,95
8,bhr,10
26,bra,5
2,che,84
7,chn,39
3,gha,5
18,mar,42
3,rus,48
85,usa,6
9,pak,13
16,bra,15
8,gbr,136
107,tun,1
13,isr,38
1,jor,2488
1,esp,417
14,mar,75
50,ita,14
7,esp,127
3,omn,190
4,jpn,48
184,chn,1
19,mar,43
18,chl,2
5,syr,32
4,mys,62
2,grc,45
47,egy,5
3,sdn,8
92,ken,1
1,lux,5
1,nga,33
11,fra,147
27,col,2
403,usa,1
133,twn,1
95,che,3
8,mys,22
22,hun,7
1,kaz,16
6,sau,94
29,usa,95
1,isr,224
66,fra,11
84,fra,6
2,tur,129
2,,286
11,jor,66
13,fra,138
58,can,3
66,,1
1,fra,809
74,usa,10
7,mar,259
3,bel,51
8,dza,18
171,che,1
25,deu,42
2,esp,254
141,aus,2
6,esp,158
36,chn,17
15,irn,29
13,mys,24
22,tur,16
7,deu,133
70,irn,2
38,irn,6
6,qat,21
9,mar,167
19,esp,60
7,prt,27
15,jpn,29
29,mys,9
66,deu,16
14,zaf,6
1,nld,144
20,esp,60
106,usa,5
13,lbn,10
15,mar,72
24,cze,5
7,isr,50
18,che,22
50,deu,19
29,twn,1
7,bra,27
30,chn,14
2,tun,1323
6,jor,157
1,ind,219
53,chn,5
61,usa,33
1,bra,92
19,egy,86
1,tun,2905
5,mar,383
35,sau,19
20,sau,26
7,jpn,44
22,egy,80
13,tun,139
12,nor,10
161,irn,1
29,mar,16
2,pol,37
11,esp,110
73,zaf,3
12,isr,29
24,egy,41
5,bhr,27
4,,92
56,rou,2
30,cze,4
1,dza,148
32,pol,4
24,dza,4
15,nga,8
2,mar,1254
57,kaz,1
7,omn,58
12,mmr,1
1,gha,15
56,ita,21
34,fra,49
33,chn,17
3,fin,16
28,jor,6
4,lva,1
63,chl,1
11,irn,37
2,isr,143
26,fra,93
22,gbr,65
20,nzl,2
196,nld,1
2,bel,72
9,aus,40
28,tun,29
4,nga,13
6,mys,45
31,deu,38
3,esp,237
4,bra,34
3,vnm,5
46,deu,25
11,mco,1
350,bra,1
15,jor,34
83,irn,1
92,chn,4
1,kwt,1195
34,can,14
15,fra,125
64,deu,11
52,gbr,20
26,chn,11
17,bra,11
82,usa,14
9,tun,249
6,deu,155
27,pol,12
1,lbn,121
30,zaf,6
14,usa,188
26,kwt,5
79,usa,14
8,chn,50
4,rus,32
8,prt,18
40,fra,49
10,can,48
23,omn,4
1,usa,1732
4,isr,77
12,kwt,16
16,can,27
19,fra,78
31,tur,14
4,chn,79
42,nor,1
5,ind,55
3,are,65
38,bra,6
39,fra,34
33,prt,6
1,syr,456
18,egy,102
17,tun,79
27,swe,7
1,eth,29
14,,18
51,deu,14
2,nld,105
31,ita,45
47,bel,6
10,nzl,9
23,grc,17
2,irn,154
189,hkg,1
4,cmr,2
8,deu,110
60,fra,18
8,esp,126
155,fra,1
89,che,5
9,jor,90
76,aus,2
12,hun,8
21,eth,10
3,che,47
7,can,52
1,bhr,550
14,fra,134
4,yem,36
29,gbr,35
38,usa,67
8,jpn,27
21,tun,64
28,aus,14
16,mex,7
62,kor,1
8,are,27
11,ind,35
81,fin,1
3,moz,2
22,jor,13
13,can,32
13,jpn,29
31,rou,1
67,usa,18
23,ita,61
11,gbr,120
54,nld,3
95,usa,15
17,egy,126
67,irn,3
151,isr,1
11,usa,241
25,nld,12
44,can,7
9,gbr,136
148,fra,7
63,esp,11
91,aus,3
1,yem,491
7,sau,95
23,esp,45
6,pol,21
5,mrt,4
13,egy,211
31,ken,1
15,gbr,80
42,gbr,22
17,sau,28
21,irl,3
16,esp,80
18,gbr,66
101,usa,9
16,che,11
6,egy,746
28,mys,13
34,usa,69
6,irn,52
5,pol,28
40,grc,4
3,qat,41
23,rou,2
19,jor,18
3,pol,35
120,mar,1
181,fra,2
54,deu,14
14,egy,174
9,hun,5
3,jor,399
24,isr,15
12,ukr,5
1,mys,204
100,jpn,3
5,qat,21
15,lbn,9
9,esp,112
25,esp,52
16,fra,108
20,grc,10
5,swe,17
17,ury,2
11,chn,32
4,pse,13
2,pry,1
27,dza,3
63,usa,16
19,tun,83
12,lbn,23
10,che,27
33,gbr,34
61,tun,4
55,rus,3
6,usa,375
33,usa,65
25,jpn,17
15,kwt,11
1,ukr,24
53,chl,1
22,mar,21
3,aus,99
4,pol,21
23,tun,48
8,tur,54
209,chn,1
1,chn,230
22,bel,12
10,tun,231
30,dza,1
35,can,8
9,ind,33
40,ita,13
39,ita,30
4,sau,119
42,nld,4
65,sau,4
8,che,25
121,aut,1
54,bel,1
46,esp,18
16,ind,25
2,dza,63
5,yem,14
26,mar,19
19,che,14
69,jor,1
5,irn,74
5,che,31
71,usa,17
278,deu,1
20,ita,59
47,usa,28
11,egy,311
17,ita,63
9,tza,1
4,sdn,11
25,usa,111
351,jpn,1
29,kgz,1
9,isr,30
9,bel,25
77,gbr,6
62,usa,22
6,prt,20
18,chn,23
88,fra,12
25,fra,74
20,deu,41
2,cpv,1
9,prt,23
10,chn,32
1,egy,6751
10,gbr,105
41,fra,41
30,nld,13
23,gbr,40
4,syr,43
19,gbr,56
2,egy,2728
150,zaf,1
21,gbr,53
2,aut,80
26,aut,3
12,usa,216
8,jor,83
41,esp,28
22,can,19
78,ind,4
9,jpn,27
9,tur,63
22,nor,5
45,ita,21
33,jor,2
33,chl,4
5,sau,98
6,srb,8
58,ita,12
1,che,105
25,aus,15
28,can,13
60,aus,5
8,aus,36
19,swe,14
1,zaf,62
3,isr,105
17,isr,24
2,deu,347
308,deu,1
69,mys,2
7,fra,194
4,bel,45
7,ind,41
24,fra,78
3,mys,75
59,usa,21
22,isr,16
1,tur,266
13,jor,47
15,bel,18
4,jor,276
27,usa,80
4,kwt,148
356,fra,1
11,nor,11
22,deu,56
1,irq,82
7,mys,41
57,isr,3
80,tun,3
5,col,4
3,nld,67
16,mys,16
21,ita,63
3,deu,260
97,cze,1
47,hkg,1
9,dza,16
18,ita,69
10,egy,366
20,rou,1
48,chn,5
70,deu,9
32,tun,25
43,are,1
68,deu,7
58,svn,1
5,dza,25
11,nzl,8
86,can,2
16,mar,51
124,grc,2
55,gbr,13
7,ukr,5
45,ind,4
86,aus,4
111,che,2
19,,4
15,civ,1
85,lbn,1
17,chn,15
72,ind,4
85,gbr,4
19,irn,22
69,deu,10
64,chl,1
2,fin,19
18,aus,21
10,jpn,40
28,egy,31
14,aus,29
38,esp,32
22,zaf,7
21,are,10
8,bgd,1
18,bra,18
34,deu,23
104,esp,2
6,eth,10
17,jor,28
6,arg,8
10,irq,3
533,usa,1
227,mar,2
3,syr,85
8,hrv,6
12,pol,20
11,ven,2
136,usa,5
11,kwt,28
4,aus,60
1,pse,40
1,ken,22
52,aus,9
14,prt,19
45,usa,47
64,ita,7
9,deu,74
15,are,5
63,nld,4
382,can,1
22,sen,2
121,esp,4
25,are,3
35,egy,11
34,bra,7
40,egy,8
80,aus,2
35,che,10
80,gbr,7
95,ita,2
101,twn,1
21,bra,10
13,aut,15
2,vnm,5
60,egy,5
3,mli,3
124,deu,6
94,jpn,2
52,can,3
29,dnk,3
212,esp,3
9,hrv,5
27,jpn,14
24,grc,7
78,bra,2
114,chn,1
41,deu,20
11,aut,12
9,vnm,2
27,aus,19
131,hkg,1
40,tun,8
26,sdn,3
115,bel,1
15,usa,181
56,deu,12
23,kwt,4
44,qat,1
34,rus,5
135,svn,1
21,jpn,24
9,swe,21
258,gbr,1
18,nld,18
13,gbr,87
205,kor,1
6,mng,1
314,fra,1
80,ita,2
248,gbr,1
27,tur,12
14,isr,29
15,tur,27
56,irn,3
57,lbn,1
89,gbr,4
28,sau,18
77,zaf,1
4,irl,8
6,dnk,11
108,bra,2
50,gbr,16
65,egy,2
88,ind,3
35,fra,38
17,pse,1
41,tur,9
22,fra,89
3,pse,13
2,nzl,16
17,bhr,3
51,grc,4
4,cze,25
1,moz,6
5,aut,19
1,nor,52
34,grc,3
82,esp,5
61,ken,1
99,usa,14
22,grc,9
27,jor,5
147,gbr,1
6,npl,1
41,tun,9
9,,26
2,swe,38
10,qat,14
79,sau,2
233,fra,1
32,tur,13
61,mys,2
150,esp,2
31,aut,6
28,gbr,45
48,che,8
48,nzl,1
32,nld,10
4,kor,12
15,tun,137
11,are,20
26,bel,14
39,omn,1
10,irn,51
3,sur,1
78,zaf,3
22,hrv,5
10,nld,20
79,hkg,1
17,deu,66
52,bra,5
22,jpn,18
128,usa,8
1,uzb,4
150,bel,1
28,eth,3
27,chn,15
65,esp,7
3,col,11
21,bel,9
8,eth,17
15,swe,15
13,pol,12
27,deu,30
10,isr,35
33,swe,2
27,fin,1
58,che,5
33,esp,38
18,lbn,8
12,che,18
126,usa,2
424,twn,1
31,can,18
73,usa,22
14,mex,11
16,swe,5
102,jpn,1
2,kaz,10
14,ben,3
1,tza,5
126,deu,4
21,sau,32
28,,4
31,cze,8
1,grc,74
1,afg,3
10,esp,102
387,can,1
38,ita,35
18,fin,2
7,bel,30
20,tur,31
42,can,8
17,can,23
6,lux,1
22,pol,10
82,ind,2
19,hkg,1
2,jpn,72
63,twn,1
71,irq,1
47,che,5
16,tur,24
8,omn,49
31,sen,1
13,mar,74
81,usa,15
51,fra,16
38,tun,16
25,tur,19
100,pse,2
87,gbr,2
109,bel,2
43,tun,12
206,jpn,1
21,rus,6
69,gbr,11
3,kor,12
11,aus,26
32,egy,14
8,ita,102
18,bel,11
13,kor,6
22,eth,2
2,nam,1
5,prt,29
25,kor,6
39,sau,7
19,tur,30
32,hun,2
193,isr,1
17,mys,12
13,bel,16
32,aus,12
1,vnm,9
75,irn,5
29,tun,36
102,usa,6
19,sen,2
28,aut,7
61,mac,1
5,rou,12
69,bel,3
4,aut,34
9,srb,7
179,fra,3
20,srb,4
13,kwt,15
61,pol,1
103,jpn,1
12,bel,17
159,fra,4
22,sau,16
83,fin,1
35,nor,3
94,cze,1
21,irn,22
40,bel,4
25,kwt,4
42,che,2
12,ind,17
125,esp,4
27,can,14
31,mys,3
4,qat,29
17,lbn,7
12,aut,15
134,deu,1
3,ecu,8
4,ita,152
31,twn,2
90,usa,6
35,aus,12
30,esp,52
52,pak,2
11,fin,3
50,usa,37
8,rus,14
87,can,1
97,fin,1
23,fin,6
69,dnk,1
10,bel,19
27,irq,2
8,uga,3
28,chn,13
30,nzl,3
30,deu,29
14,bel,19
35,tha,4
37,pol,4
42,isr,4
2,twn,8
14,aut,13
23,nor,5
13,che,22
9,per,3
26,lby,2
1,pak,75
36,swe,6
58,esp,12
7,mex,10
2,mex,27
61,irn,3
14,hun,6
36,che,7
9,pol,18
28,nld,16
20,gbr,61
46,fra,44
8,,43
37,gbr,37
16,rus,12
14,deu,57
28,pol,7
19,dnk,6
40,gbr,22
180,fra,1
124,gbr,2
62,ita,10
19,cze,9
40,esp,20
19,rus,6
117,fra,5
7,lbn,20
33,tun,20
24,esp,55
9,kor,8
7,aut,21
72,fra,12
46,isr,2
9,che,27
69,mrt,1
14,che,17
43,ind,2
15,prt,22
59,cze,2
22,irn,15
18,srb,3
52,egy,6
20,svn,2
14,chn,27
4,sgp,5
5,grc,26
74,cmr,2
267,fra,1
76,irl,1
19,kwt,9
27,egy,21
32,usa,69
19,ind,18
55,ind,6
27,cmr,1
49,esp,18
83,idn,1
2,ecu,7
12,cze,19
1,nzl,28
4,swe,30
40,jpn,10
15,sau,38
11,tha,4
59,sau,3
30,jpn,12
20,jpn,12
31,che,9
8,mex,12
54,fra,21
112,usa,10
7,grc,25
166,gbr,2
53,irn,6
5,eth,7
151,mar,1
79,zaf,1
58,fra,20
32,pak,7
13,omn,31
79,nor,1
42,aus,6
44,bih,1
5,omn,112
636,fra,1
25,pak,8
46,ita,23
7,kwt,49
3,tha,7
5,hkg,3
138,prt,2
136,can,2
71,vnm,1
6,dza,22
65,fra,20
231,usa,1
25,jor,12
34,aus,11
32,gbr,38
6,sdn,2
8,isr,31
143,nor,1
45,deu,17
13,ncl,1
21,prt,12
168,usa,4
3,hun,15
14,grc,17
93,mar,1
96,jpn,2
1,sdn,40
10,prt,24
119,esp,3
5,sen,7
2,nga,24
35,tun,17
122,sau,1
65,gbr,6
8,dnk,11
2,rus,75
26,jpn,14
117,ben,1
81,esp,8
97,deu,3
446,esp,1
3,ncl,1
54,che,5
1,fin,27
27,zaf,6
6,irl,6
51,gbr,15
2,rou,13
38,prt,6
43,hun,2
73,mex,1
15,arg,5
19,omn,14
47,mar,5
100,rus,1
13,grc,9
4,dnk,12
9,cze,12
26,ind,17
3,tto,1
13,nzl,3
1,mlt,17
48,esp,15
12,arg,6
59,fra,18
144,deu,4
14,nga,4
8,npl,2
33,fra,54
10,hun,8
23,ind,10
19,jpn,26
58,gbr,12
9,ken,6
74,fra,9
4,rou,9
37,che,6
21,mex,6
59,che,4
141,mex,1
125,civ,1
64,mys,2
71,gbr,8
84,bel,1
45,irn,5
6,bel,42
12,sau,54
5,aus,49
18,aut,8
5,ken,5
10,nor,11
6,kor,14
275,usa,1
106,nzl,1
126,fra,2
25,chn,14
51,tun,7
27,prt,6
26,jor,14
108,usa,4
68,egy,4
33,deu,28
34,zaf,2
36,esp,24
131,aus,1
34,ind,7
7,nor,11
1,qat,61
53,nld,3
111,ita,5
45,jor,1
54,tur,2
70,ita,9
4,dza,51
88,usa,9
13,nor,9
94,nld,2
60,jpn,2
24,gbr,48
18,gha,1
3,dza,58
10,lbn,9
94,usa,11
10,idn,3
11,che,21
23,jpn,14
124,che,1
43,esp,22
17,pol,16
13,pse,4
6,rus,34
6,yem,16
10,sen,3
4,nzl,14
6,hun,8
57,dnk,1
22,bra,12
53,gbr,8
19,are,5
60,bel,1
78,tun,2
25,npl,2
28,kwt,5
10,zaf,10
47,esp,15
53,che,6
36,ind,7
6,kwt,77
3,cze,26
102,fra,6
5,irq,14
19,nld,13
315,esp,1
57,irn,7
43,usa,38
3,phl,5
1,ben,1
15,dza,10
1,mrt,13
32,tha,3
4,phl,2
14,omn,17
7,eth,18
24,ita,45
26,omn,1
44,grc,6
11,prt,30
100,usa,12
23,mar,23
1,grd,2
156,srb,1
22,swe,10
4,mco,1
89,bra,1
192,usa,2
28,irn,21
80,irn,2
9,irl,4
66,gbr,6
15,mys,17
130,gbr,1
30,pak,3
70,usa,17
16,irn,21
9,svn,3
48,lbn,1
193,jpn,1
47,ita,16
6,nld,45
354,fra,1
4,irq,18
12,zaf,8
2,zwe,3
15,col,1
8,arg,12
54,gbr,12
14,jor,26
39,deu,30
11,tur,41
48,pol,3
130,chn,2
66,sau,3
32,fra,50
129,sau,2
59,irn,7
21,arg,2
257,fra,1
17,jpn,14
43,mys,5
12,chn,23
27,grc,6
45,pol,4
1,dnk,30
54,zaf,5
171,nld,1
26,egy,31
57,deu,14
40,bra,9
44,fra,27
150,nld,1
5,svk,6
62,fra,12
28,vnm,2
241,gbr,1
18,eth,2
15,bra,28
86,fra,8
203,fra,1
1,arg,25
26,rus,8
84,ita,6
24,kwt,5
119,irl,2
20,can,13
94,can,5
1,lbr,5
6,lby,9
65,che,3
34,lbn,4
12,pak,10
20,nld,15
57,usa,19
33,mar,18
27,che,10
18,can,17
202,usa,1
23,mlt,1
43,bra,1
28,omn,7
67,nld,3
52,esp,10
78,egy,2
17,tha,2
174,usa,1
68,fra,15
54,can,6
25,ita,53
92,deu,3
23,bgr,3
10,pol,17
37,ind,7
15,aut,12
35,mar,9
48,isr,3
6,nor,6
102,aus,3
87,usa,12
57,ita,12
18,ind,18
44,che,6
39,nld,4
43,ita,19
29,sau,10
123,chn,2
50,jor,2
16,bel,18
153,usa,5
39,ind,8
29,lbn,3
37,bel,5
37,nga,2
169,nld,1
10,tur,44
105,usa,9
11,rou,6
59,zaf,2
12,tur,37
20,zaf,6
46,egy,7
46,prt,6
14,eth,12
11,lka,2
29,ita,39
14,ecu,2
8,svn,4
102,gbr,4
113,usa,12
23,can,11
8,lby,7
28,bra,9
92,fin,2
16,nld,19
531,chn,1
19,gha,1
25,sau,22
217,sau,1
18,irn,16
42,bra,7
6,cze,17
20,aus,16
77,irn,4
53,ind,4
9,rou,2
78,deu,10
35,jpn,12
30,che,11
61,deu,7
6,cyp,9
31,tun,27
13,tur,38
6,che,30
62,kwt,1
95,aus,5
66,usa,24
61,bel,4
11,jpn,30
81,gbr,6
35,ita,28
8,ltu,2
45,tur,5
2,srb,13
61,ind,3
45,isr,3
29,cze,9
48,tur,4
21,bhr,2
25,aut,12
35,guf,1
49,usa,31
90,jpn,4
78,gbr,8
30,bra,7
103,usa,6
167,esp,1
15,pol,9
44,,2
46,aut,4
20,irn,28
10,dza,10
49,tur,2
35,irn,14
250,fra,1
28,dnk,5
42,rus,2
33,pse,1
3,grc,39
206,dnk,1
148,gbr,4
196,esp,1
41,usa,60
31,grc,3
241,esp,1
33,cze,6
10,pry,1
6,swe,33
12,aus,25
31,aus,12
72,usa,13
153,fra,3
30,irn,18
275,gbr,1
23,zaf,3
36,nld,7
8,bgr,7
66,che,7
35,kor,6
31,sau,18
7,dom,1
10,rus,18
29,ind,9
36,bel,5
5,dnk,12
100,swe,1
144,che,1
194,hkg,1
20,cog,1
89,mus,1
5,lbn,30
29,qat,2
201,gbr,1
22,prt,10
100,gbr,5
33,tha,1
106,fra,3
54,tun,6
41,bra,4
7,pol,17
82,sau,2
77,chn,5
4,che,30
73,fra,10
55,ita,14
2,kor,15
28,che,14
32,isr,7
34,svk,2
12,jor,59
29,omn,6
75,fin,2
5,alb,1
25,grc,7
554,chn,1
7,ltu,2
78,usa,10
20,lbn,4
73,gbr,6
68,usa,16
12,mys,19
83,usa,11
13,yem,2
1,tjk,5
92,che,2
36,rou,2
45,aut,3
3,tgo,4
231,aus,2
15,omn,9
5,mac,2
15,che,23
26,prt,7
125,egy,1
67,prt,2
26,tun,37
8,est,6
4,est,4
70,jpn,5
2,sdn,22
136,fra,2
27,lbn,2
22,arm,1
35,deu,34
208,deu,2
88,aut,1
10,cyp,3
16,pak,6
6,bra,22
32,cmr,2
29,deu,39
87,deu,9
4,prt,20
196,ita,1
8,nld,22
27,tun,29
20,cze,10
35,swe,7
27,sau,23
10,mex,7
84,aus,1
72,deu,7
223,jpn,1
74,rou,1
97,usa,9
9,mex,9
134,mys,2
55,aut,1
118,fra,3
22,mex,4
3,bhr,71
5,pse,5
41,ind,7
273,fra,1
48,mex,1
158,cze,1
25,isr,15
17,aut,12
25,mys,7
5,srb,10
45,gbr,15
89,fra,11
210,dnk,1
53,tur,4
304,nld,1
4,idn,4
39,esp,31
48,ita,10
66,chn,5
12,kor,9
19,can,19
8,srb,7
15,eth,3
91,twn,1
6,grc,24
123,fra,5
49,ita,18
17,swe,8
19,isr,25
13,hti,1
17,irn,19
44,nld,8
54,aus,5
31,prt,13
43,nor,1
32,deu,31
11,gab,3
14,lbn,13
23,bel,12
52,deu,21
77,bel,3
8,fin,7
49,nld,4
55,zaf,4
77,che,2
19,grc,5
21,ner,1
23,egy,42
49,aus,8
1,cub,12
11,grc,21
38,lbn,2
37,can,14
19,chn,17
16,,6
21,nor,3
5,rus,36
26,esp,42
3,per,4
1,mmr,1
9,svk,4
320,ita,2
24,prt,8
83,bel,3
439,fra,1
28,kor,3
20,mys,18
127,swe,1
29,tha,1
75,esp,9
7,pak,13
30,egy,27
9,sau,44
198,fra,3
33,pri,1
16,hun,2
24,,2
69,tun,3
11,pak,16
73,esp,8
120,fra,3
10,lux,2
54,vnm,1
4,arg,11
23,yem,2
6,bgr,6
36,civ,1
42,mys,2
72,bra,3
12,lby,2
58,tun,2
3,swe,37
1,svk,8
52,tun,7
19,mex,7
20,che,9
64,arg,1
113,fra,4
158,twn,1
22,bgr,5
215,can,1
12,pan,1
77,esp,3
44,deu,17
17,per,1
22,aus,10
67,bra,3
54,ind,5
87,aus,4
23,sgp,2
38,rus,4
29,isr,8
35,chn,10
133,fra,3
127,aut,1
71,twn,3
6,syr,25
19,dza,4
12,irq,1
74,deu,7
99,jpn,3
140,tun,1
39,nor,4
106,gbr,2
6,idn,4
24,tur,17
32,sgp,1
66,phl,1
14,srb,8
47,fra,20
51,isr,3
58,pak,2
2,irq,32
49,jpn,4
16,chn,21
10,syr,6
26,nld,12
5,moz,1
13,pak,8
48,jor,4
4,srb,8
44,aus,6
62,aus,6
28,twn,2
19,bra,4
10,bra,25
1,idn,29
43,nld,4
52,prt,3
137,esp,4
27,bra,17
144,chn,3
66,pol,1
30,sau,16
9,nor,13
87,sau,3
14,bgd,2
16,yem,3
119,gbr,2
9,yem,5
1,kor,32
1,civ,6
419,esp,1
49,deu,13
78,aus,6
6,pse,6
18,kor,8
36,tur,7
123,esp,2
43,jpn,7
111,chn,1
19,syr,1
243,jpn,1
20,nor,7
17,grc,12
164,deu,3
31,pol,5
36,sdn,2
198,aus,1
8,lbn,15
114,aut,1
26,mys,12
57,gbr,15
14,nor,7
6,hkg,5
216,zaf,1
114,sau,1
50,fra,30
34,tun,17
12,gum,1
24,pol,11
130,deu,2
58,tur,1
1,mne,1
9,nld,22
80,bra,3
52,sau,4
44,hun,3
60,usa,24
206,ita,1
16,bhr,2
42,usa,40
110,egy,1
12,bra,23
13,are,10
93,usa,10
40,prt,8
15,cze,8
18,grc,4
37,ita,24
70,aut,4
163,fra,3
40,tur,4
8,kor,9
62,nld,3
14,irl,4
44,vnm,1
3,irl,10
49,can,3
6,are,50
71,bra,2
262,fin,1
15,hun,6
4,bgd,8
22,ita,55
294,usa,2
1,irl,33
71,aus,9
96,nld,1
31,bgr,1
44,bra,5
38,irl,2
53,aut,3
57,ind,6
18,mex,6
21,can,19
110,jpn,2
9,mys,29
36,can,10
61,che,1
110,hun,1
5,bgr,9
12,rus,19
7,svk,6
33,svn,3
56,nld,5
4,mli,2
89,usa,10
44,arg,1
82,gbr,10
162,aus,2
64,usa,18
40,deu,27
126,mar,1
5,tgo,5
24,rus,6
8,ben,2
28,isr,26
35,srb,1
141,zaf,1
7,fin,7
69,bra,3
47,lbn,2
24,svn,1
172,gbr,1
92,fra,10
8,yem,5
42,irn,8
64,nld,4
102,chn,3
33,che,7
106,chn,5
114,gbr,1
2,pse,18
45,nzl,1
39,mys,7
95,sgp,1
62,are,1
75,nld,4
101,can,2
31,syr,2
231,esp,1
3,hkg,5
149,usa,8
29,nld,10
163,chn,1
90,esp,6
156,usa,2
51,aia,1
40,zaf,7
13,srb,3
35,bra,9
25,omn,4
45,jpn,6
20,lka,1
430,fra,1
179,usa,4
3,zaf,28
127,ita,2
29,aus,15
38,arg,1
32,hrv,2
10,cmr,3
529,usa,1
3,eth,9
58,bel,4
12,hrv,3
3,svn,7
436,usa,1
12,sdn,6
23,deu,35
62,,1
23,mys,12
109,usa,6
72,nld,3
3,bhs,1
216,twn,1
243,usa,1
17,pak,3
25,egy,30
11,,17
13,hrv,1
69,jpn,4
8,bel,16
19,zaf,13
3,nga,30
63,can,3
14,are,10
26,irn,13
26,bgd,2
4,nor,12
69,twn,1
41,can,4
64,chn,3
98,irn,3
216,nld,2
4,pak,24
21,pse,1
122,chn,1
85,jpn,4
38,aut,3
8,grc,23
27,bhr,1
54,ben,1
9,zmb,2
85,tun,4
181,irn,2
22,are,9
216,gbr,1
2,blr,2
34,nor,2
45,chn,10
9,sgp,2
34,arg,1
50,nzl,2
75,gbr,6
79,fra,6
70,prt,1
13,syr,4
3,srb,15
1,bgr,4
13,,16
116,deu,2
19,nga,5
50,ind,3
50,esp,17
13,prt,18
36,,3
133,jpn,1
21,nld,14
23,sau,16
8,cze,18
2,cmr,5
67,fra,12
17,nld,21
55,dnk,3
128,fra,5
58,swe,2
5,nzl,5
45,sau,8
22,che,14
104,lux,1
163,deu,1
85,bra,1
3,irq,26
153,bel,1
142,civ,1
9,tgo,2
57,zwe,1
25,arg,2
37,esp,24
79,tun,3
93,tur,1
4,gab,1
33,irn,13
158,aus,1
44,isl,1
63,irn,4
6,pak,13
7,svn,4
91,aut,2
34,jpn,14
77,usa,12
21,,7
69,chn,6
12,cyp,2
7,dza,17
138,aus,1
7,rus,29
100,irn,1
33,nld,6
70,nld,5
67,ind,2
125,deu,4
21,ind,13
2,caf,1
6,lbn,17
34,esp,26
52,irn,7
7,cyp,6
7,qat,25
15,phl,2
113,ita,1
21,pol,10
26,nzl,4
21,fin,3
27,nga,4
69,mli,1
63,aus,7
37,deu,26
62,can,5
57,tur,3
57,aus,4
129,usa,5
1,rwa,1
14,sdn,2
14,swe,10
1,hrv,22
38,pak,3
32,ita,35
45,bra,2
43,fra,24
12,reu,1
10,kaz,4
43,aus,9
37,tur,8
36,mar,8
13,chl,4
9,fin,6
34,are,4
84,esp,7
11,hun,4
145,ita,1
85,fra,2
20,bra,11
43,swe,7
78,irn,3
6,rou,5
36,bra,8
59,ita,8
9,dnk,13
42,bel,7
55,sau,6
143,nld,1
144,aus,2
87,bra,4
75,ita,9
2,arg,15
105,nld,1
4,geo,1
25,swe,9
26,eth,3
7,phl,3
2,zaf,41
183,usa,3
79,mex,3
90,mar,1
234,bel,1
24,omn,8
132,chn,1
101,pak,1
84,nld,4
60,bra,5
73,sau,2
31,chn,11
109,gbr,3
25,mar,16
43,irn,6
65,pol,2
135,usa,6
17,srb,6
20,pol,7
28,mar,8
93,jpn,3
25,irn,17
34,gab,1
110,esp,4
31,egy,17
1,phl,17
49,lbn,3
12,mex,5
65,can,5
51,jpn,2
32,omn,3
20,svk,3
25,bfa,1
27,mar,18
25,zaf,9
10,vnm,2
91,bra,3
36,are,2
28,rus,2
3,sgp,7
38,isr,6
67,deu,13
72,esp,6
1,dji,2
2,svk,9
8,hun,7
26,pak,8
40,col,1
57,che,4
12,eth,7
32,qat,3
48,tun,7
56,pak,3
2,irl,16
92,nld,3
25,bra,11
24,pri,1
98,sgp,1
14,mys,15
15,grc,8
26,zaf,7
30,prt,9
41,bel,5
2,bgr,10
87,egy,1
31,bel,6
9,aut,13
122,che,2
78,ita,5
8,hkg,4
44,jor,2
11,dnk,7
91,nld,1
116,prt,1
64,can,5
1,ago,1
468,usa,1
74,gbr,6
185,aus,1
34,egy,19
4,cog,3
39,kor,4
17,omn,14
105,esp,3
6,nga,6
139,gbr,3
59,esp,7
128,chn,1
90,nld,3
71,che,1
3,civ,2
23,tur,19
24,hun,6
376,usa,3
194,nld,1
76,chn,2
84,gbr,5
8,sgp,2
79,chn,5
36,dnk,4
1,chl,7
59,mys,3
49,gbr,15
36,mex,5
177,fra,1
169,usa,1
16,sau,27
41,aus,10
56,aus,5
7,cub,3
38,egy,7
136,chl,1
19,fin,4
95,deu,1
3,bgr,7
29,eth,3
15,irl,2
7,pse,7
9,cyp,2
34,cze,4
47,nld,4
3,svk,4
320,bra,1
6,tha,11
19,aus,24
9,sen,2
16,kwt,11
8,nzl,11
51,eth,1
2,ncl,1
108,kor,1
34,tza,1
1,sen,5
50,aus,6
17,kor,6
181,esp,1
26,cze,6
24,svk,3
173,esp,1
5,ukr,8
19,svk,3
22,syr,2
7,sgp,2
184,esp,2
89,ita,4
76,cze,2
1,arm,4
28,fra,60
86,mex,2
51,srb,1
7,syr,12
23,phl,2
21,qat,6
34,che,9
79,ita,2
90,ita,6
32,mar,9
95,sau,1
57,esp,11
153,chn,2
170,usa,2
25,sen,1
49,bra,6
40,usa,45
119,kor,1
24,swe,4
53,sau,1
9,arg,4
87,esp,5
30,aut,5
9,bgd,3
20,aut,10
1,bgd,7
23,aut,11
80,deu,2
3,bgd,5
28,mex,5
21,sgp,2
1,srb,22
206,che,1
14,lva,1
86,bra,1
13,hkg,2
24,sau,13
85,nld,5
46,bra,8
3,chl,8
13,svn,2
20,bel,13
31,vnm,1
16,fin,6
7,ken,5
2,sgp,11
12,bhr,5
56,kor,2
50,swe,4
62,che,3
391,usa,1
10,aus,42
35,cze,4
103,fra,6
47,chn,10
24,bel,5
86,jpn,3
13,mmr,1
115,fra,3
115,tur,1
20,hun,1
8,pak,11
42,egy,5
31,are,5
33,mys,5
175,gbr,1
13,ecu,6
80,usa,18
30,bel,6
178,usa,3
131,nld,4
34,mex,3
122,nld,4
46,aus,11
35,nld,4
27,rou,3
57,tun,6
18,cze,11
32,prt,11
252,gbr,1
17,qat,5
31,nld,14
89,deu,1
32,che,4
41,egy,9
10,aut,18
134,gbr,2
11,gtm,1
80,fra,7
109,fra,1
27,tha,2
368,fra,1
18,svk,2
5,lux,1
33,aut,4
37,bgr,2
26,mlt,1
138,omn,1
62,pol,2
74,irn,4
26,grc,8
46,srb,1
40,arg,2
73,svk,1
7,yem,10
56,chn,5
2,alb,8
78,jpn,2
11,yem,4
5,nga,15
11,swe,13
134,esp,2
109,aus,5
28,zaf,14
85,bel,1
51,esp,11
44,ind,5
31,jpn,8
16,glp,1
143,usa,1
16,svk,3
1,tha,9
23,dnk,4
6,bfa,1
81,ita,6
15,twn,6
41,sau,12
90,aus,4
10,pak,10
71,ita,4
58,cze,2
45,tun,7
16,prt,18
41,che,7
2,npl,3
100,mwi,1
72,grc,1
3,hrv,12
60,chn,7
137,ita,2
40,irn,6
100,ltu,1
38,aus,9
47,tur,7
55,nld,5
38,can,6
112,cri,1
10,mkd,1
30,fin,2
104,zaf,1
37,aus,5
15,,9
97,dnk,1
8,swe,22
94,esp,5
3,cub,7
233,can,1
13,arg,7
44,sau,5
67,gbr,8
38,jpn,7
107,esp,2
9,nzl,4
10,zmb,1
164,gbr,2
23,chn,20
37,chn,9
75,sau,1
11,omn,19
38,rou,1
19,sgp,2
46,irn,5
48,fra,24
72,jpn,2
110,are,1
60,sau,3
2,bfa,3
39,rus,4
10,twn,2
101,fra,5
98,gbr,3
40,mar,4
123,usa,10
35,fin,3
46,lbn,2
23,civ,1
76,ind,1
261,fra,1
12,ury,2
32,irn,6
44,prt,2
41,ita,18
25,ind,10
18,lby,2
58,mys,1
111,nld,2
57,aut,1
69,ind,4
157,can,1
40,can,10
15,alb,1
1,sgp,15
8,ukr,2
30,fra,66
44,jpn,3
81,irn,2
110,aus,2
21,omn,6
26,,3
9,qat,13
9,syr,11
127,nld,2
39,tun,9
101,bel,3
13,eth,8
110,ind,1
59,ken,2
311,can,1
251,usa,1
97,gbr,3
55,omn,2
33,mex,3
14,nld,10
96,usa,7
1,cog,9
71,omn,1
36,zaf,8
109,nld,2
115,jpn,2
19,twn,2
90,dnk,2
155,jpn,1
70,tun,3
18,mys,10
13,bgd,3
23,isr,11
21,hkg,2
9,idn,2
29,che,8
86,sau,1
38,tur,5
3,dom,1
94,isr,1
17,eth,5
35,tur,7
88,deu,5
184,ita,1
29,mex,7
1,svn,6
37,arg,1
2,per,8
97,prt,1
22,mac,1
34,swe,6
1,lka,6
77,tun,3
19,prt,7
18,rus,9
36,pol,4
4,isl,1
27,cri,1
317,usa,1
29,irn,6
66,egy,3
30,twn,2
148,chn,1
11,pol,22
5,bel,33
24,eth,2
63,ita,9
223,usa,2
32,nzl,2
41,cze,4
11,bgr,6
20,omn,13
30,can,8
13,uga,1
4,caf,1
73,mar,2
45,swe,2
63,prt,4
283,esp,1
2,hnd,1
38,kor,4
43,sau,5
31,swe,2
100,aut,1
17,svn,2
32,ind,7
10,arg,5
21,dnk,8
107,fra,2
5,ner,1
68,chn,7
23,are,6
18,omn,6
60,nld,4
98,usa,7
63,jor,1
18,hun,6
82,tha,2
344,esp,1
73,nld,2
4,twn,6
103,ita,3
29,chn,8
116,cub,1
112,fra,1
59,irl,1
10,,22
76,usa,13
6,mex,12
43,mar,1
38,gbr,27
2,idn,8
272,gbr,1
31,zaf,9
25,bel,9
32,zaf,8
69,nld,5
3,bih,2
8,ecu,3
100,isr,1
119,chn,3
24,nzl,2
4,ecu,2
29,rus,4
112,aus,3
325,bgr,1
183,hkg,1
24,mex,1
55,kor,3
11,kor,8
46,mar,5
55,irn,4
36,omn,2
56,swe,3
106,kor,2
43,egy,4
10,omn,27
28,nor,6
16,civ,1
4,cyp,8
132,usa,6
38,bel,4
67,rus,2
93,gbr,7
23,irn,18
7,nzl,7
93,rus,1
150,bra,1
71,isr,4
125,fra,3
99,ind,1
13,irq,2
46,sau,4
8,nor,10
31,fin,3
10,chl,2
72,cze,1
14,lby,3
27,kwt,3
57,cze,2
969,gbr,1
82,can,1
10,per,2
161,deu,2
109,aut,1
3,ken,8
27,isr,13
4,cub,4
140,fra,2
27,mex,4
8,phl,1
73,deu,10
16,qat,4
71,mex,1
3,twn,5
3,bwa,1
81,fra,7
333,chn,1
98,nor,1
121,gbr,1
6,zaf,19
9,tha,3
107,gbr,4
49,cze,2
37,rus,2
12,omn,23
42,ind,8
83,esp,7
7,kaz,2
66,aus,5
17,cze,7
70,grc,1
37,grc,7
25,mex,4
89,bel,6
120,mys,2
13,mex,10
53,fra,17
24,arg,2
62,esp,7
28,prt,8
24,kor,4
12,irn,38
1,per,15
141,nga,1
204,mys,1
22,sdn,1
15,fin,8
8,kwt,40
66,fin,2
54,qat,2
75,nor,1
86,pak,1
61,egy,3
14,rus,9
54,rou,1
39,pak,3
27,sdn,1
28,ken,1
140,isr,1
143,irn,1
23,aus,17
67,ita,5
4,lux,3
21,grc,8
67,mar,3
47,kwt,1
22,mys,13
14,chl,2
1,tto,1
62,chn,7
51,fin,1
60,pak,1
7,zaf,19
68,esp,9
196,fra,2
79,kor,1
4,chl,8
76,jpn,4
210,gbr,1
14,dnk,8
114,bel,3
55,aze,1
268,nld,1
92,usa,10
26,ken,2
18,sau,28
59,rus,1
2,hkg,5
165,bel,2
11,hkg,3
141,fra,1
11,sen,2
306,aus,1
6,chl,3
31,mex,4
20,rus,5
9,mkd,1
16,kor,6
14,qat,9
44,pol,2
38,nld,4
72,isr,4
51,svk,1
198,nor,1
3,mco,2
47,bra,1
44,esp,18
23,bhr,2
40,,2
18,dnk,7
51,ita,24
58,hun,1
132,deu,1
20,cyp,2
88,can,1
52,che,8
16,eth,6
47,ind,3
7,col,6
2,eth,15
34,nld,8
10,sdn,3
6,aut,18
20,eth,3
5,bgd,4
28,are,4
18,prt,7
20,isr,11
90,gbr,5
253,usa,1
24,dnk,3
96,tun,1
66,esp,6
38,chn,10
3,arm,1
68,bel,5
395,chn,1
10,npl,2
409,usa,1
125,dnk,2
4,tza,3
11,uzb,1
9,bhr,11
1,twn,16
10,irl,4
246,chn,2
127,prt,1
50,irn,7
20,ukr,1
129,fra,3
10,hrv,5
24,twn,3
40,che,2
86,esp,3
26,hun,3
26,cyp,2
26,mex,3
29,nzl,4
65,chn,7
7,dnk,12
21,che,7
84,bhr,1
29,arg,3
6,gha,2
11,lbn,11
61,pak,2
93,deu,9
16,dza,6
96,fin,1
13,ury,1
12,bgr,4
21,svn,1
12,sgp,2
23,nzl,3
27,cze,8
1,hkg,10
29,srb,3
509,fra,1
175,ita,1
161,ita,1
35,rou,3
91,usa,11
173,chn,2
39,bra,5
145,twn,1
9,bgr,7
44,gbr,18
6,svn,5
167,bra,1
151,ita,1
3,blr,1
33,tur,8
37,svn,1
113,bra,1
37,aut,3
5,mkd,3
117,usa,4
110,bel,2
118,ita,2
47,pol,1
8,zaf,18
1,pri,3
54,sau,3
53,esp,14
12,svk,2
31,col,2
70,bel,1
132,isr,1
8,chl,4
9,ltu,3
10,mys,17
27,omn,2
33,,2
6,ukr,1
167,nld,2
20,swe,5
13,fin,2
37,kor,3
92,prt,1
263,irn,1
6,irq,10
19,hrv,2
16,nzl,2
9,eth,11
75,mex,2
6,arm,1
21,ken,1
51,aus,7
1,mco,5
68,sau,7
11,phl,1
19,idn,2
105,can,1
9,bra,21
25,dza,1
13,twn,4
173,gbr,1
9,lby,6
32,pan,1
46,tun,11
307,bel,1
84,can,4
67,dnk,1
5,zmb,1
15,kor,9
61,gbr,13
60,grc,1
5,est,3
43,kor,1
42,swe,4
81,can,3
60,isr,1
185,esp,1
16,aus,22
71,pol,1
48,aut,3
7,lby,4
57,ecu,1
8,som,1
31,bra,8
3,lka,1
20,nga,2
74,pak,1
233,twn,1
52,jor,1
127,deu,2
7,nga,12
107,usa,5
66,tun,5
1,ecu,4
34,phl,2
133,omn,1
321,ita,1
248,usa,3
47,aus,5
5,cyp,10
30,mar,13
87,tun,4
16,arg,4
33,svk,3
35,jor,3
7,reu,1
37,egy,13
70,mys,2
48,pse,1
65,usa,12
111,aus,2
69,esp,5
56,gbr,8
102,deu,5
26,deu,26
38,jor,5
21,cze,6
51,svn,1
3,nzl,7
27,rus,2
150,gbr,2
24,pak,4
8,idn,3
51,dnk,2
106,cze,2
52,jpn,6
45,fra,27
71,tun,3
62,arg,1
147,sau,1
93,nld,5
37,prt,2
57,prt,6
103,lka,1
403,gbr,1
48,mmr,1
129,chn,2
34,sdn,1
20,are,10
2,geo,3
208,can,1
35,prt,5
86,mys,2
33,zaf,4
146,fra,1
124,chn,1
14,nzl,6
108,nld,2
37,lbn,4
48,nld,9
118,jpn,2
87,pak,2
2,arm,3
35,rus,3
32,phl,2
33,pak,2
132,bra,1
627,zaf,1
74,egy,1
7,tha,7
113,aus,3
10,mrt,1
27,pak,2
51,egy,8
75,chn,4
25,svk,3
252,grc,1
90,kwt,1
10,sgp,7
160,bel,2
175,fra,3
77,deu,7
4,ukr,3
211,col,1
1467,tha,1
2,smr,1
48,bra,1
10,pyf,1
61,fra,15
56,ind,5
21,lux,1
26,isr,9
29,prt,6
16,grc,13
29,rou,2
186,can,1
72,gbr,6
16,mdg,2
74,qat,1
122,rus,1
103,bra,1
14,phl,3
50,egy,10
34,kor,3
17,hrv,2
160,chn,1
85,irn,3
10,nga,8
34,aut,1
32,chn,8
48,prt,4
61,rus,2
146,nld,2
16,sen,1
50,isr,2
50,kwt,1
99,che,2
126,jpn,2
84,usa,11
48,eth,2
114,usa,6
40,mys,4
14,cze,12
55,egy,3
32,svn,1
31,pak,5
96,ita,3
4,hun,10
4,brn,1
118,mne,1
49,egy,4
353,irn,1
56,tur,4
2,cub,4
4,png,2
13,dnk,5
61,esp,7
52,mex,1
1,esh,1
6,sen,2
29,can,14
2,svn,5
13,zaf,5
55,esp,12
45,esp,20
171,aus,2
116,bel,1
26,svn,2
10,ken,3
64,esp,7
63,gbr,8
38,eth,1
32,jpn,10
42,prt,6
2,sen,1
59,tun,6
40,jor,3
223,irn,1
46,kor,3
1,geo,5
58,kor,1
158,chn,1
2,ner,2
43,deu,21
98,chn,2
122,isr,1
52,isr,5
13,irl,7
4,mng,1
27,bel,9
96,bra,3
62,gbr,7
80,bel,1
21,twn,4
32,cze,5
85,ita,4
13,cze,7
2,mne,1
12,are,8
55,can,5
65,bel,4
13,sdn,3
4,eth,11
15,ken,3
141,bel,1
9,mlt,2
39,chn,10
110,mys,1
171,isr,2
148,esp,2
99,esp,3
10,grc,15
75,fra,7
37,swe,4
12,nzl,7
51,nld,7
49,sau,6
8,col,2
53,nzl,5
77,swe,1
48,cyp,1
158,nld,1
54,chn,4
3,mdg,2
118,aut,1
107,swe,1
1,mkd,2
20,mne,2
12,swe,18
7,civ,1
14,lux,1
22,srb,2
693,fra,1
90,rus,1
27,nld,12
41,nzl,1
83,rus,1
23,che,13
11,nam,1
69,aut,3
155,esp,2
120,chn,3
49,pak,2
46,nga,1
58,aus,4
115,pak,1
31,lbn,2
18,arg,3
382,usa,1
54,pol,2
231,nld,2
25,irq,1
252,nor,1
160,usa,6
16,omn,14
93,sau,3
84,pak,2
52,cri,1
119,isr,1
44,mar,2
22,fin,2
76,ita,8
121,ita,2
843,grc,1
6,hrv,9
50,jpn,7
35,pol,3
22,nld,8
52,chn,5
2,afg,3
336,aus,1
79,bel,1
29,zaf,6
11,ken,7
17,mex,5
22,svk,1
35,hkg,2
34,sau,10
147,tun,1
51,prt,3
64,bel,1
30,aus,7
50,chn,10
72,ita,7
154,gbr,1
231,chn,2
11,cze,8
1,nam,4
7,cmr,3
27,phl,1
29,col,1
20,arg,3
66,ita,3
49,srb,1
4,ltu,3
89,esp,8
74,isr,4
81,ind,2
209,usa,2
42,ita,26
55,aus,9
5,gha,3
23,cze,5
21,zaf,10
92,ind,2
36,jpn,9
2,col,7
1,btn,2
82,fra,7
57,twn,1
57,chn,5
64,aus,4
18,,8
101,esp,3
3,gib,1
392,che,1
116,pol,1
3,mkd,1
23,kor,6
27,arg,2
57,egy,3
206,egy,1
111,usa,10
6,uga,1
73,irn,2
58,sau,3
32,rus,4
72,egy,2
91,jpn,1
29,jam,1
6,bgd,4
1,mwi,2
81,bel,3
34,nzl,4
37,jor,3
8,sdn,4
91,fra,4
9,ben,2
35,bel,12
99,irn,3
57,zaf,2
38,sau,7
98,can,1
17,nzl,3
145,usa,1
149,chn,1
91,esp,6
55,cze,3
6,svk,4
5,hun,8
17,ukr,1
204,aus,1
91,bgd,1
34,prt,12
27,hrv,3
84,twn,1
67,swe,3
5,tha,4
234,usa,1
39,grc,6
13,bgr,3
21,swe,6
39,fin,3
111,ken,1
5,phl,2
222,nld,1
13,swe,7
59,nld,2
92,bel,1
42,hun,1
30,tur,12
57,bra,2
56,grc,3
256,fra,1
20,kwt,7
167,usa,1
17,moz,1
22,sgp,1
5,arm,2
45,pak,2
108,deu,4
51,che,4
130,prt,1
70,esp,4
55,mys,1
67,jpn,2
98,nld,2
67,chn,5
39,isr,5
216,mys,1
133,usa,5
9,uga,1
52,mar,3
119,swe,2
356,fin,1
80,swe,2
13,lby,2
46,swe,3
14,rwa,1
43,can,6
12,col,1
155,usa,2
6,lbr,1
186,usa,2
12,kaz,1
83,kor,1
6,mdg,2
83,aus,5
59,gbr,6
36,srb,4
122,esp,1
198,gbr,2
199,deu,1
111,deu,2
27,ind,8
32,dnk,3
166,bra,1
39,che,8
39,can,11
25,,2
56,can,3
233,zaf,1
27,nzl,5
25,twn,3
23,pol,7
40,mdg,1
44,fin,2
16,are,4
75,usa,13
143,fra,1
22,pak,3
109,pak,1
30,jor,5
27,chl,2
49,vnm,1
47,jpn,7
106,bra,1
34,kwt,2
17,tgo,1
89,irn,1
105,bgd,2
59,bra,3
5,fin,7
30,are,5
203,usa,1
20,hkg,1
24,chn,14
3,caf,1
39,bel,5
17,kwt,7
61,sau,7
59,aus,5
79,gbr,7
183,zaf,2
96,srb,1
54,esp,13
70,gbr,8
92,grc,1
188,twn,1
42,svk,1
119,irn,1
78,esp,6
55,nor,1
154,usa,2
15,rus,9
91,gbr,2
98,fra,5
74,zaf,2
69,sau,4
173,usa,5
26,tha,1
14,hrv,3
48,aus,7
26,hkg,1
29,bhr,1
81,deu,6
32,jor,2
222,usa,1
96,isr,1
42,deu,22
117,sau,1
242,nld,1
21,kor,6
1,ltu,8
24,aut,7
24,kaz,1
155,nld,1
92,gbr,4
90,bel,4
70,isr,3
21,nga,4
180,can,1
249,mys,1
17,bel,10
7,bgr,5
79,isr,3
8,brn,3
68,can,3
12,twn,6
50,mys,3
65,nld,4
9,twn,5
133,sgp,1
170,gbr,2
90,mys,1
46,jpn,9
56,mar,3
138,deu,3
14,ken,7
1,eri,2
37,dnk,3
137,deu,3
112,che,1
69,ita,8
8,civ,2
167,aut,1
4,per,5
98,cod,1
195,gbr,2
90,deu,4
9,phl,3
7,hrv,4
221,aus,1
11,sgp,3
54,bra,5
53,lbn,1
29,grc,4
35,aut,3
188,zaf,1
33,est,1
65,nor,1
57,can,1
36,egy,11
199,fra,1
48,egy,2
26,can,16
240,deu,1
15,qat,4
42,mar,5
117,esp,4
220,gbr,1
40,kna,1
94,chn,4
112,bfa,1
11,dza,9
29,per,1
5,grl,2
10,are,23
56,bra,4
34,vnm,1
72,twn,1
193,nld,1
172,chn,1
8,aze,2
48,jpn,6
51,chn,4
92,gha,1
42,eth,3
92,isr,2
58,ind,3
62,isr,1
9,lbn,16
19,arg,7
39,dnk,3
1,isl,1
44,isr,9
178,fra,2
169,aus,2
180,nld,1
18,mli,1
45,idn,1
57,nld,2
1,khm,2
100,aus,1
63,chn,4
76,lbn,1
38,omn,2
323,nld,1
202,deu,1
56,esp,11
24,jpn,15
59,chn,7
232,gbr,1
43,tur,4
74,swe,2
235,esp,1
99,can,4
115,ita,1
48,pak,2
43,chn,9
19,mys,11
1,alb,5
64,irn,2
41,chn,4
48,swe,1
75,rus,1
212,jpn,1
15,irq,3
69,isr,2
96,chn,3
5,irl,7
82,mys,2
113,gbr,2
265,chn,1
99,swe,2
11,bih,1
51,jor,2
24,rou,1
64,pak,2
149,egy,1
171,gbr,1
117,ind,1
59,nzl,1
21,dza,3
76,che,2
20,pak,7
48,nga,1
40,nor,1
47,tun,7
81,tun,2
55,tun,4
310,irn,1
147,aus,3
1288,fra,1
3,kaz,8
114,rus,1
109,deu,3
5,kor,8
7,irq,7
113,bel,2
44,eth,1
21,bgr,3
10,mli,1
161,bel,1
2,lux,1
51,ind,6
23,tza,1
7,pan,1
80,lbn,1
19,yem,1
4,tha,6
3,mlt,6
4,hkg,3
36,grc,2
23,bra,10
88,tun,2
22,nzl,6
64,prt,2
72,fin,1
75,est,1
359,hkg,1
137,mys,1
101,lbn,1
75,bel,1
269,twn,1
99,gbr,1
104,che,1
2,hrv,15
104,jpn,3
284,che,1
89,lbn,1
156,che,1
55,grc,3
32,grc,1
2,mli,3
23,jor,9
145,pol,1
351,fra,1
102,svk,1
24,vnm,1
36,bgr,1
26,nor,4
146,usa,7
11,hrv,2
29,egy,17
2,slv,2
9,geo,3
18,npl,1
3,arg,12
6,ken,5
127,usa,3
90,chn,2
27,are,3
28,cze,2
46,nor,2
62,mar,1
118,swe,1
25,nga,4
160,irn,1
9,nam,1
32,lbn,3
53,grc,1
126,cog,1
1,sur,1
3,afg,1
13,mlt,2
6,mlt,3
69,che,2
30,tza,1
77,irl,1
19,nor,3
60,esp,13
108,esp,1
61,bra,5
173,fra,2
60,aut,4
4,mrt,1
13,tha,1
49,tha,1
18,pol,12
17,are,8
2,uga,2
60,swe,2
90,fin,1
75,pak,1
147,prt,2
18,are,5
101,deu,1
197,ita,1
32,fin,2
61,ita,10
15,mex,7
125,chn,2
10,bfa,1
26,srb,3
36,sau,15
10,yem,2
119,usa,6
1,brn,4
32,nor,1
52,grc,3
64,fra,13
35,uga,1
46,can,5
87,fra,4
28,ury,1
224,fra,2
138,bel,1
36,gha,1
6,btn,1
105,tha,1
217,deu,1
173,dnk,1
24,col,2
17,aus,19
86,eth,1
125,bel,1
15,pse,2
15,zwe,1
28,idn,1
83,sau,1
120,irn,2
170,deu,2
57,bel,4
25,prt,8
24,ind,14
26,pol,7
112,qat,2
69,nzl,1
240,usa,3
67,esp,8
58,jpn,6
63,bel,2
13,sen,1
39,jpn,10
4,ken,5
120,nld,1
29,tur,11
2,gtm,1
8,aut,14
37,jpn,9
76,esp,9
19,chl,3
115,chn,2
46,ury,1
15,hrv,4
166,fra,3
8,zmb,1
144,irn,2
24,fin,3
33,bra,9
53,deu,9
8,tha,4
30,isr,10
16,zaf,7
12,dnk,7
172,esp,1
55,deu,9
49,mys,4
187,chn,1
164,esp,2
74,dnk,3
7,per,2
100,grc,1
114,esp,3
76,gbr,7
11,nga,5
128,gbr,2
67,bel,3
83,chn,3
336,prt,2
36,pak,5
13,gha,2
237,deu,1
60,ita,6
266,deu,2
94,sau,3
25,mwi,1
12,grc,10
62,tun,5
45,cze,4
30,zmb,1
64,dza,2
23,tha,3
11,arg,5
282,deu,1
37,cze,5
174,can,1
157,deu,4
134,fra,2
188,fin,1
59,bel,3
28,svk,1
70,can,4
62,ind,3
2,gha,4
94,gbr,2
37,ury,1
272,usa,1
39,jor,3
82,irn,1
19,bel,8
34,mar,12
25,svn,3
43,srb,1
21,lbn,3
51,nor,2
17,uga,2
2,civ,2
208,bra,1
29,ken,2
15,srb,8
68,gbr,10
38,kwt,1
72,chn,6
60,bhr,1
7,srb,5
43,hkg,1
30,mex,5
52,aut,2
21,mdg,1
5,hrv,8
48,zaf,4
26,col,2
65,bra,5
14,gha,1
38,grc,4
6,phl,3
91,ind,2
39,irn,6
37,ken,2
10,swe,5
118,deu,3
44,mco,1
19,pak,7
25,lux,1
101,kor,1
18,geo,1
108,sau,2
498,nld,1
44,irn,8
149,deu,1
24,bgr,2
29,are,2
172,usa,2
56,nzl,2
18,kwt,6
97,tun,2
10,kor,6
48,irn,4
190,fra,1
17,nor,7
44,tun,15
33,ken,4
381,irn,1
45,nld,10
41,rus,3
129,jpn,2
95,esp,2
126,qat,1
81,aus,2
38,mar,7
76,deu,5
23,chl,1
22,qat,3
17,idn,1
2,ltu,3
96,che,2
120,dnk,1
12,irl,2
162,jpn,1
54,gab,2
123,ind,2
30,mys,4
12,uga,2
14,ncl,1
52,nzl,1
76,tha,1
105,fra,3
37,bra,8
66,can,5
12,bfa,3
71,fra,10
61,npl,1
300,esp,1
193,usa,2
40,irl,2
15,bgr,2
22,zwe,1
48,bel,5
70,zaf,3
6,kaz,5
156,nld,1
250,prt,1
30,srb,3
28,hun,2
33,aus,7
14,kor,7
47,can,5
43,jor,1
7,sdn,3
92,esp,1
82,zaf,1
112,nld,2
80,hkg,1
218,swe,1
21,mys,9
14,bdi,1
19,plw,1
101,nld,1
55,isr,3
8,kaz,1
27,nor,4
8,sen,3
244,usa,2
16,irl,4
26,twn,1
33,arg,3
54,mys,3
59,aut,2
229,aus,2
59,swe,2
215,zaf,1
16,lbn,4
100,che,1
51,sau,5
123,gbr,2
17,hkg,1
502,fra,1
92,ita,3
14,ner,1
30,ind,6
52,ind,7
46,che,2
72,rus,1
4,bgr,4
33,are,2
37,irn,6
24,jor,9
79,ind,1
134,chn,2
63,bra,5
194,fra,1
246,lbn,1
278,swe,1
124,esp,4
61,srb,1
102,can,1
43,fin,2
59,bgd,1
84,eth,1
17,syr,3
98,ita,3
31,jor,7
30,,2
40,pak,3
131,zaf,1
24,qat,3
41,nld,6
11,qat,5
41,prt,7
58,irn,4
28,nzl,3
29,hun,1
60,nga,1
154,hrv,1
3,lux,2
10,zwe,2
146,gbr,1
41,mar,6
47,nor,4
76,fra,8
24,sen,1
5,zaf,24
81,sau,2
20,mex,8
65,fin,1
4,zwe,1
8,arm,2
39,tur,9
51,per,1
16,nga,3
46,zaf,3
53,aus,2
10,bgr,1
253,gbr,2
82,ita,5
36,mys,4
28,dza,2
47,deu,11
88,bra,2
54,jpn,2
98,pak,1
245,usa,2
104,qat,1
72,aus,4
162,chn,1
88,che,4
77,fin,2
64,grc,1
32,ken,1
46,tur,5
13,cmr,1
89,mar,3
94,ind,1
366,jpn,1
22,lbn,4
16,sgp,3
13,dza,7
232,usa,1
2,tto,3
263,chn,1
165,esp,2
70,chn,3
70,fra,6
151,che,1
59,pse,1
62,aut,2
4,fin,14
104,gbr,3
2,tgo,4
95,can,1
13,tto,1
77,can,2
48,srb,1
66,swe,3
44,omn,1
50,nld,3
152,esp,1
91,prt,1
484,can,1
33,glp,1
64,zaf,3
3,ukr,6
12,qat,5
361,ita,1
37,twn,4
366,fra,1
8,syr,12
156,deu,3
276,nld,1
34,omn,3
116,ita,1
14,pak,5
9,gha,6
55,pak,2
31,rus,5
200,tun,1
34,dnk,5
37,hrv,1
37,zaf,3
143,deu,3
165,gbr,2
41,pak,3
38,swe,4
36,kor,2
252,fra,1
44,bel,2
313,fra,1
166,usa,2
106,can,3
188,deu,1
449,ita,1
127,gbr,1
83,nld,3
89,jpn,3
236,jpn,1
364,gbr,1
109,irn,3
3,sen,4
26,are,4
65,ita,4
12,ken,4
30,rus,5
11,mex,8
53,isr,5
156,ken,1
53,bra,5
100,mys,1
13,cub,2
125,nld,2
20,ken,2
11,mus,1
12,npl,1
3,cyp,5
78,mys,1
127,are,2
55,mar,4
6,ven,1
49,mex,2
148,usa,2
8,cub,3
210,prt,1
18,svn,2
112,hun,1
247,fra,1
95,chn,3
63,sau,3
15,tha,2
49,tun,5
42,kor,1
176,bra,3
90,ind,4
62,jpn,6
19,ncl,1
21,tha,4
99,ita,2
63,mex,3
218,ind,1
77,twn,1
20,dza,4
47,gbr,10
116,mys,2
6,zwe,3
15,svk,2
101,jpn,1
1030,gbr,1
19,bgr,5
72,mar,1
30,nga,2
73,mdv,1
241,pak,1
30,svk,1
131,cze,1
31,ind,5
284,swe,1
17,zaf,5
231,ita,1
112,zaf,1
108,col,1
3,geo,5
34,hrv,3
72,tun,1
28,srb,5
271,cze,1
92,twn,1
105,rou,1
49,che,1
84,dza,1
85,cze,1
112,grc,1
20,hrv,1
100,twn,1
4,uga,1
182,irn,1
45,sen,2
126,kor,1
1,mac,10
102,prt,1
11,kaz,1
200,usa,1
13,nga,5
40,ken,1
16,dnk,5
117,deu,2
19,eth,7
81,nld,3
180,irn,1
13,svk,3
83,deu,5
42,pak,3
44,lbn,3
75,aus,2
41,jpn,8
33,omn,3
44,chn,7
91,sau,1
2,ken,16
73,arg,1
18,bol,1
74,aus,2
104,ita,3
15,npl,2
56,isr,1
16,est,1
303,usa,1
159,kor,1
81,prt,2
43,bgr,1
197,eth,1
61,jpn,4
48,hun,2
92,aus,3
34,tha,2
140,che,1
170,sau,2
63,jpn,4
30,nor,3
39,prt,6
35,mys,5
25,lbn,3
11,mmr,1
87,jpn,1
63,che,1
370,rus,1
3,cog,4
40,hrv,3
36,isr,8
29,cub,1
5,twn,6
36,nga,1
11,est,1
31,eth,3
34,sgp,3
78,swe,2
7,irl,4
50,bel,4
19,kor,8
1,uga,5
94,aus,3
29,fin,3
18,ury,1
14,hkg,5
58,deu,5
134,jpn,1
90,tur,1
43,twn,2
123,kor,1
72,pol,2
38,twn,1
201,irn,1
144,nld,3
48,cze,2
14,kwt,14
159,jpn,1
57,kor,1
31,isr,11
46,dnk,2
49,chn,8
64,lux,1
65,cze,1
58,chn,4
88,prt,2
7,mlt,1
57,nzl,1
63,npl,1
20,bfa,1
39,hrv,2
23,pak,4
46,arg,1
20,kor,5
7,lux,1
29,chl,1
520,deu,1
437,usa,1
72,bel,3
142,deu,2
69,fra,11
80,aut,2
7,mda,1
39,khm,1
1,mli,2
96,mys,2
51,cze,3
21,pak,2
19,bfa,1
4,col,8
7,chl,6
22,arg,4
184,fra,2
123,zaf,1
137,rou,1
11,civ,2
895,esp,1
3,isl,1
53,bel,4
26,bhr,1
3,nam,1
23,,4
59,isr,1
50,sau,3
30,pol,7
132,nor,1
5,lby,11
150,aus,3
7,kor,9
266,chn,1
58,prt,4
31,nic,2
40,isr,6
60,cze,1
174,fra,2
78,lux,1
326,gab,1
60,tun,4
54,nor,1
54,hun,1
30,gab,1
68,irn,2
163,dnk,1
56,cyp,2
15,mdv,1
200,rus,1
46,nld,2
24,tha,1
34,pol,4
358,sau,1
47,cyp,1
82,nld,2
217,usa,1
4,rwa,3
62,sau,5
91,bel,3
77,mys,1
5,idn,7
52,bel,1
8,mli,2
306,sau,1
188,fra,2
16,hrv,2
44,rus,2
76,nld,3
13,est,1
39,eth,2
97,bra,1
722,jpn,1
125,sau,1
23,syr,1
166,ita,1
143,chn,1
7,hun,10
59,ind,4
43,lbn,1
218,aus,2
385,fin,1
54,pak,1
31,kor,2
83,mys,1
262,deu,1
98,esp,3
17,dom,1
162,aut,1
870,fra,1
427,gbr,1
131,usa,2
73,pak,1
183,che,1
36,irn,7
118,irl,1
106,bel,1
59,can,4
16,isl,1
1,ury,3
33,gtm,1
63,tun,1
110,tha,1
44,pak,2
92,kor,1
111,egy,1
207,jpn,1
88,egy,2
21,mli,1
102,nor,1
66,jpn,4
122,fra,3
44,egy,6
112,ita,2
280,chn,1
30,swe,1
47,mex,1
16,cri,1
50,pak,2
44,swe,2
138,fra,4
42,grc,1
108,grc,1
31,qat,4
158,ita,1
162,nld,2
38,che,4
84,irn,2
33,jpn,7
108,bel,3
88,esp,6
88,gbr,3
18,irl,2
30,blr,1
178,isr,1
17,dnk,5
6,gab,1
25,pan,1
104,twn,1
87,cze,1
159,usa,3
139,ita,1
5,ury,3
124,can,2
8,mdg,1
7,blr,1
37,mar,10
66,twn,1
108,jpn,3
25,pse,1
55,ben,1
59,jpn,3
11,svn,4
38,lka,1
11,cyp,1
442,nld,1
146,isr,1
4,mwi,1
192,deu,1
28,ind,9
14,tha,3
293,nld,1
20,gha,1
84,tha,2
231,tur,1
1,gtm,2
12,idn,4
172,che,1
4,gin,1
34,yem,1
24,are,5
245,irn,2
107,cze,2
44,est,2
5,afg,1
55,twn,1
106,nor,1
150,cze,1
198,bra,1
52,nld,3
60,irn,2
123,nld,1
97,pol,1
71,bel,1
107,aut,1
12,cmr,2
102,lbn,1
91,dza,1
5,cog,1
220,deu,1
47,yem,1
1216,deu,1
53,eth,2
51,rus,2
348,usa,1
16,vnm,2
152,usa,2
84,are,1
206,qat,1
10,ben,1
7,arg,5
7,arm,3
58,nld,1
29,bra,3
33,grc,5
110,gbr,4
265,aus,1
41,aut,2
178,ita,2
159,ita,1
61,pry,1
664,hkg,1
114,fra,1
43,dnk,1
29,bel,6
158,deu,4
36,prt,5
151,fra,2
11,twn,3
17,twn,5
26,mdg,1
233,usa,1
58,bra,1
108,dnk,1
7,eri,1
57,jpn,3
62,bra,3
139,aus,2
2,tjk,2
16,syr,2
56,bel,3
36,aus,7
72,che,4
37,fin,3
177,usa,4
35,per,1
107,deu,2
116,can,1
47,omn,2
275,esp,1
137,fra,2
33,sdn,2
71,hun,1
249,deu,1
2,ben,5
70,arg,1
53,qat,1
71,kor,1
52,lbn,2
83,egy,2
17,fin,2
16,chl,2
139,chn,2
70,che,3
66,pak,1
239,nld,1
187,pol,1
103,chn,4
41,kor,2
22,rus,5
7,rou,5
192,swe,1
59,twn,1
9,est,2
172,fra,1
5,ecu,1
161,nld,1
43,mex,1
129,nld,1
10,civ,1
64,ind,2
55,chn,1
3,idn,9
124,ita,1
22,aze,1
12,prt,9
22,twn,2
116,kor,1
23,mex,6
38,pol,5
51,nzl,2
32,nga,1
27,hun,7
86,ita,4
30,col,1
278,usa,1
35,ind,5
61,swe,1
11,eth,5
84,aut,2
40,sau,7
86,mwi,1
258,deu,1
1,est,10
23,hun,2
48,ken,1
16,twn,1
97,ita,2
98,ind,2
27,est,1
2,est,2
76,pol,1
12,rou,3
94,mex,1
2,phl,5
39,tha,1
29,swe,4
10,fin,5
2,ukr,3
43,eth,3
23,ken,4
57,mar,1
55,prt,2
43,bel,5
108,fra,2
11,srb,5
51,bel,6
137,sau,1
144,pol,1
93,,1
17,dza,3
22,dza,1
119,fra,2
19,lbn,4
10,caf,1
20,syr,5
82,isr,1
167,irl,1
68,tha,1
72,can,3
225,isr,1
44,ken,1
171,usa,1
15,pak,4
105,aus,4
141,can,2
95,ind,1
11,lby,3
46,fin,1
66,cze,1
41,mys,4
49,bel,6
45,kwt,1
74,bel,4
37,are,3
633,usa,1
94,deu,2
48,sau,3
90,irn,2
140,usa,3
35,cri,1
539,zaf,1
227,sau,1
134,usa,8
24,hkg,1
46,bel,5
149,ita,1
60,ind,3
129,can,1
13,rwa,1
146,omn,1
22,cyp,1
1,nic,1
134,vnm,1
64,hrv,1
148,prt,2
25,dnk,3
30,khm,1
156,dnk,1
21,syr,1
35,grc,5
43,pak,4
9,isl,1
330,fra,1
84,chn,4
18,bgr,2
15,cyp,2
33,pol,3
28,svn,1
123,hkg,1
24,mys,7
7,vnm,1
2,tha,5
47,twn,1
48,grc,3
21,srb,3
36,kwt,1
132,kor,1
31,hun,2
70,bra,2
23,arg,2
49,aut,2
117,nld,3
46,chn,8
146,cmr,1
100,kor,1
22,mco,1
34,hun,1
156,fra,2
215,fra,1
115,gbr,2
102,irn,1
22,dnk,2
78,twn,1
72,prt,1
40,moz,1
90,can,1
19,hun,8
277,gbr,1
201,chn,2
255,deu,1
120,usa,3
48,,1
105,deu,2
96,gbr,3
10,rou,7
55,uga,1
266,gbr,1
105,,1
4,pri,2
157,kor,1
103,deu,4
39,idn,1
18,pan,1
46,grc,2
9,pan,1
83,ind,1
59,prt,2
103,nld,5
361,deu,2
11,bhr,3
174,ita,1
11,brn,1
45,ken,2
50,can,4
97,irn,2
110,irn,2
132,swe,2
95,bel,2
148,che,1
70,sau,3
150,usa,3
76,bra,1
104,usa,9
51,can,2
17,svk,2
7,tcd,1
89,egy,1
442,usa,1
210,usa,2
30,irl,2
151,omn,1
146,aus,1
42,chn,8
69,can,3
61,kor,2
71,irn,2
100,fra,4
41,lbn,2
527,irn,1
60,hun,1
63,dnk,1
2,ven,3
48,rus,3
78,prt,1
79,aus,1
4,bol,1
76,omn,1
82,swe,3
6,col,4
36,lbn,2
3,mac,2
10,geo,1
74,col,1
14,col,1
43,cze,4
144,zwe,1
77,sau,2
7,ben,2
95,kor,1
93,nor,1
17,hun,5
143,isr,1
68,tur,1
2,mus,1
718,deu,1
17,lva,1
90,twn,1
93,che,2
35,cyp,2
85,deu,3
34,syc,1
198,swe,1
79,esp,3
46,mex,1
25,syr,1
30,lbn,2
27,qat,2
139,fra,2
31,ecu,1
63,deu,8
62,prt,1
80,svn,1
130,tun,2
31,nor,3
26,vnm,1
40,dnk,2
32,bel,4
33,npl,1
50,dnk,1
4,bdi,2
45,svn,1
15,syr,3
144,bra,1
22,ecu,1
61,can,3
131,ita,1
26,hrv,2
4,kaz,2
19,bhr,1
37,isl,1
134,can,1
98,deu,1
4,mlt,4
16,cub,1
61,nld,1
28,nga,1
138,mys,1
110,kor,1
32,gab,1
74,tun,2
24,nor,3
41,omn,2
83,fra,6
3,est,3
2,pan,1
73,che,2
145,nld,1
86,usa,6
65,kor,1
52,kor,2
60,dnk,3
22,vnm,2
38,tha,1
37,nzl,1
95,swe,1
53,jpn,7
131,chn,1
14,arg,4
5,mmr,1
113,pol,1
39,pol,5
175,aus,1
71,zaf,1
68,aut,1
59,srb,2
207,usa,2
27,srb,1
513,irn,1
25,ury,1
174,jpn,1
157,nld,1
64,rus,2
105,gbr,4
18,ecu,1
27,aut,5
63,kor,1
138,nld,2
50,prt,4
160,esp,2
101,gbr,3
10,svk,3
152,fra,2
227,usa,2
37,,3
1,bwa,2
253,geo,1
41,arg,1
33,nor,2
151,gbr,1
74,nld,1
235,irl,1
85,esp,5
58,aut,2
80,prt,1
35,,1
74,ita,4
10,mne,1
211,deu,2
737,esp,1
99,fra,3
64,sau,2
13,hun,2
111,bel,2
23,swe,4
165,irn,1
25,srb,1
215,usa,1
93,chn,2
132,gbr,1
43,rus,2
17,bgd,3
33,dnk,2
67,aus,3
47,jor,1
64,egy,2
128,deu,3
12,per,3
71,mys,1
119,sau,1
47,cze,1
59,omn,1
72,nzl,1
59,kor,2
119,aus,3
92,sau,2
101,nzl,1
152,deu,2
9,ukr,2
6,alb,3
20,irl,3
165,usa,3
54,irn,4
573,che,1
39,ken,1
229,fra,1
227,esp,1
321,can,1
260,usa,1
14,svn,4
25,hkg,1
272,chn,1
29,irq,1
18,hrv,4
141,jpn,1
272,nld,1
143,aus,2
232,jor,1
50,pol,2
85,che,3
86,are,1
318,bra,1
97,swe,2
12,tha,2
156,chn,1
50,bra,3
32,tjk,1
270,usa,1
30,rou,2
194,aus,1
96,per,2
92,can,4
69,aus,5
41,grc,1
18,tha,2
288,deu,1
32,sau,6
357,nld,1
54,mar,5
21,hun,3
8,cmr,3
164,usa,1
45,prt,3
64,srb,1
38,dnk,4
191,esp,1
58,rus,2
10,cod,1
102,esp,2
77,jpn,2
87,ita,6
546,aus,1
25,col,3
13,vnm,3
354,nld,2
5,lso,1
50,mex,1
76,sau,3
168,cze,1
110,lbn,1
16,bgr,3
316,gbr,1
71,cze,1
23,svn,1
8,rou,2
672,can,1
335,usa,1
83,nzl,1
92,pol,1
27,eth,9
32,syr,2
106,irn,2
29,civ,1
1,slb,1
185,pse,1
135,che,1
45,hkg,1
150,bgd,1
32,isl,1
73,tur,1
115,deu,3
9,npl,2
86,gbr,9
20,bgd,1
69,cze,1
74,prt,1
22,mrt,1
86,ind,3
193,ind,1
78,can,2
82,bel,2
192,esp,2
21,est,1
18,cmr,1
113,svn,1
60,prt,2
50,idn,1
168,bel,1
22,col,3
64,ltu,1
71,grc,1
88,tha,1
108,zaf,1
74,chn,3
5,chl,4
9,caf,1
81,bra,2
18,qat,7
34,mys,7
285,esp,1
74,esp,3
65,pak,1
53,mys,2
31,nzl,1
8,mlt,1
163,usa,3
97,fra,6
13,phl,2
125,can,2
42,hrv,1
87,kor,1
115,can,1
188,usa,2
41,irn,5
103,esp,2
55,sgp,1
224,usa,1
84,mys,2
73,aus,4
37,nor,2
75,nzl,1
137,chn,2
221,chn,1
28,hkg,1
4,svk,4
155,grc,1
193,twn,1
182,fra,1
97,chn,2
10,bhr,3
24,brn,2
29,,1
194,bel,1
249,fra,2
224,bra,1
41,isl,1
100,deu,2
45,kor,1
47,sau,3
80,egy,1
27,lka,1
45,can,3
21,bfa,1
69,omn,1
12,fin,6
68,svk,1
221,gbr,1
152,nld,2
40,omn,1
166,pol,1
45,qat,1
679,chn,1
45,ukr,1
37,nld,4
11,ecu,1
89,kor,3
67,tur,1
49,qat,1
148,mar,1
135,irn,5
99,aus,2
34,rou,5
800,nld,1
2,ton,1
28,lbn,2
45,omn,1
149,aus,1
10,moz,2
9,chl,2
26,est,1
1,aia,1
60,mys,2
104,can,1
44,mys,1
11,ben,2
88,est,1
6,ben,1
212,swe,1
87,mar,1
17,col,2
35,pak,1
13,rou,4
46,pse,1
7,moz,1
68,jpn,4
26,lbn,2
154,bel,1
16,ken,3
33,lbn,3
92,dnk,2
95,nzl,1
52,swe,4
33,kwt,3
152,aus,2
19,cyp,1
117,mys,1
36,eth,2
120,gha,1
59,pak,2
137,bel,1
95,nld,1
67,,1
39,swe,3
19,aut,6
36,pse,1
67,pol,1
15,gtm,1
22,aut,9
136,aus,2
21,aut,5
18,civ,1
10,mco,1
57,tza,1
90,swe,1
168,irn,1
98,tha,1
16,rou,2
79,pol,1
31,hrv,1
6,moz,1
52,sen,1
175,bra,1
217,fra,2
8,mus,1
276,che,1
154,lux,1
274,fra,1
115,usa,4
62,rus,1
221,sau,1
261,can,1
145,bra,3
264,nld,2
5,cub,2
9,pse,2
33,hrv,2
144,mys,1
53,moz,1
13,lux,1
54,prt,4
73,isr,1
200,che,1
80,tur,2
40,sgp,1
33,ncl,1
18,ukr,1
114,aus,1
24,srb,3
52,omn,1
416,fra,1
64,lbn,2
38,mex,2
21,pan,1
43,zaf,2
142,usa,1
11,vnm,2
341,fra,1
228,deu,1
44,bgd,1
35,eth,2
119,bra,2
97,che,2
29,yem,1
39,dza,1
9,irq,1
141,esp,2
97,esp,2
41,srb,2
246,fra,1
166,ind,2
96,swe,1
88,irn,2
38,qat,1
55,ken,1
139,bel,1
10,plw,1
257,gbr,1
34,isr,5
7,gtm,1
50,sgp,1
408,gbr,1
211,aut,1
119,bel,1
261,nld,1
212,usa,1
108,rus,1
19,lka,1
3,bfa,2
31,srb,2
204,nld,2
135,chn,2
86,nld,3
122,aut,1
8,pse,6
14,bhr,3
45,che,4
114,deu,5
67,twn,1
672,nld,1
69,pol,2
166,rus,1
582,deu,1
86,svn,1
132,nld,3
139,isr,2
60,rus,1
37,mys,5
63,are,1
2,bol,2
4,mdg,1
24,ken,2
131,jpn,2
80,hrv,1
20,cub,1
303,gbr,1
97,sau,4
70,ken,1
42,jpn,2
96,prt,2
53,cze,2
34,ken,2
93,tun,1
50,tur,3
189,esp,2
10,hkg,3
76,mar,1
52,cze,2
25,bhr,1
247,gbr,1
149,ind,1
186,fra,1
83,ita,5
36,rus,1
18,tza,1
12,arm,1
61,dnk,2
70,irl,1
2,mlt,4
44,kor,2
270,deu,1
211,nld,1
83,gbr,1
15,ncl,1
31,irl,1
3,gab,1
103,can,2
139,prt,1
318,usa,1
175,rou,1
39,aus,9
32,mex,2
395,zaf,1
30,omn,5
86,chn,3
73,jpn,2
133,swe,1
207,sgp,1
82,deu,4
89,aus,2
256,kor,1
8,bih,1
129,gbr,1
53,rou,1
51,irn,6
271,che,1
15,ukr,1
10,tha,2
18,nor,3
83,tha,1
38,fin,1
391,aus,1
150,deu,2
19,irl,3
35,sgp,1
55,fin,1
3,uga,5
2,cog,2
70,pak,1
81,dnk,1
77,pak,1
24,gha,1
217,jpn,1
103,irn,2
63,tur,2
29,kaz,1
110,che,1
229,bel,1
28,brn,1
427,nld,1
43,prt,5
65,tun,1
279,can,1
23,lux,2
65,aus,2
139,can,1
96,ind,1
159,aut,1
103,twn,1
86,isr,2
89,ind,3
51,twn,2
254,usa,1
128,aus,2
5,sgp,1
108,can,2
109,mar,1
13,tgo,1
394,che,1
86,prt,2
40,hun,1
15,gmb,1
8,irq,4
132,ind,1
66,nzl,1
29,pol,1
125,fin,1
209,deu,2
161,usa,5
424,nld,1
13,per,2
217,can,1
46,kwt,1
224,jpn,1
25,cyp,2
32,swe,2
254,che,1
159,gbr,1
42,svn,1
213,fra,1
352,gbr,1
61,hun,1
66,nld,3
61,aus,6
64,mar,1
489,esp,1
45,aus,9
90,lbn,1
67,sgp,1
41,svk,1
63,mar,1
14,sgp,1
50,twn,1
80,can,4
164,prt,1
51,tur,1
146,chn,2
33,eth,6
228,aus,1
29,ukr,1
285,can,1
15,rou,3
7,mrt,2
146,nor,1
42,mex,1
99,pak,1
226,aus,1
66,dnk,1
99,sau,2
157,jpn,1
144,zaf,1
1,mdg,1
75,isr,1
62,nor,2
12,lux,2
11,cmr,2
41,jor,3
185,usa,1
257,ita,1
49,bgd,1
145,prt,1
71,kgz,1
174,esp,2
181,irl,1
200,mdg,1
68,mli,1
73,dnk,2
22,omn,3
47,hun,1
36,qat,1
161,zaf,1
13,cyp,2
23,blr,1
61,jor,1
8,ken,6
46,svn,1
64,che,1
39,hkg,1
78,rus,1
23,per,1
149,mex,1
16,phl,1
1,brb,1
81,cze,1
54,rus,3
365,fra,1
14,svk,2
142,nld,1
369,nld,1
107,jpn,2
276,pol,1
32,dza,1
64,,1
54,isr,2
81,chn,3
227,mex,1
34,jor,5
66,prt,1
18,nga,2
122,bel,2
327,esp,1
39,pyf,1
94,bel,1
167,ita,2
47,irn,5
107,sau,1
148,nzl,1
19,qat,1
63,egy,8
8,irl,2
103,aus,2
45,bgr,1
28,pse,1
55,hun,2
82,fin,1
130,esp,2
86,hkg,1
11,syr,6
41,pol,4
385,ita,1
89,prt,1
35,hrv,1
23,qat,1
11,alb,1
25,nor,2
87,svn,1
56,prt,1
121,prt,1
220,usa,1
56,irl,1
90,aut,2
96,pak,2
20,irq,1
62,swe,6
18,bgd,1
33,bel,4
33,hkg,1
274,usa,2
109,can,1
154,ita,1
1,caf,4
108,aus,4
41,hun,2
22,tha,1
85,omn,1
306,fin,1
107,ind,1
53,dnk,2
22,ken,1
101,ita,1
216,bel,1
1,blr,4
171,fra,1
16,srb,5
12,brb,1
121,usa,2
28,qat,2
88,ita,2
653,usa,1
68,swe,2
322,deu,1
5,svn,2
135,deu,1
303,sau,1
190,usa,3
17,nga,2
15,bol,1
221,nor,1
77,bra,1
52,mys,1
139,esp,1
75,che,1
131,fra,2
18,ken,1
83,swe,1
34,alb,1
150,can,1
49,sen,1
188,tha,1
92,rus,1
47,mco,1
36,twn,1
51,cmr,1
7,alb,1
94,fin,1
1044,chn,1
13,bhr,3
119,deu,4
285,usa,1
29,svn,2
74,grc,3
74,sau,1
93,aus,2
77,nld,1
12,srb,2
37,pan,1
70,egy,1
1,ven,3
2,lka,7
10,svn,2
106,ita,3
203,esp,1
10,mlt,1
287,gbr,1
373,fra,1
15,svn,3
44,sgp,1
116,chn,1
203,aus,1
185,hkg,1
127,can,1
412,prt,1
209,ita,2
198,chn,2
25,fin,1
566,irn,1
2,bih,2
104,deu,4
144,kor,1
28,tur,9
93,mys,2
126,esp,1
43,bgd,1
45,hun,1
113,sau,1
175,jpn,1
38,npl,1
103,swe,1
111,fra,2
74,omn,1
19,pse,2
91,ita,3
127,dnk,1
116,aus,2
688,hkg,1
136,nld,1
1,bfa,3
11,tza,1
29,est,1
166,can,2
52,are,1
54,cze,1
44,uga,1
36,pyf,1
94,rou,1
20,cri,1
32,ukr,1
49,prt,2
160,ita,1
190,grc,1
115,mex,1
98,aus,3
40,chl,3
63,swe,1
80,nga,1
30,cyp,3
48,mys,2
20,alb,1
60,ken,1
18,nzl,3
71,tha,1
40,mex,1
222,mys,1
21,nzl,1
45,bel,2
63,hrv,1
112,bra,1
50,civ,1
27,dnk,3
132,fra,1
174,irn,1
65,rus,2
42,tur,3
42,arg,1
12,zwe,2
22,idn,1
235,usa,1
52,lby,1
24,hrv,3
103,pol,1
23,col,1
43,grc,2
66,qat,1
59,tur,2
117,zaf,1
88,omn,1
39,pse,1
290,irn,1
288,nzl,1
417,usa,1
293,gbr,1
53,prt,2
1,slv,2
140,rus,2
63,ind,3
56,bgr,1
181,ind,1
155,chn,1
34,chl,1
66,nor,2
42,afg,1
17,alb,1
40,rus,1
52,dza,2
47,tha,1
143,zaf,2
3,zwe,1
26,sgp,1
89,isr,1
134,aus,1
4,aze,1
124,ken,1
64,mdg,1
2,tza,2
49,isr,1
42,sen,1
44,syr,1
97,nld,1
196,chn,1
81,omn,1
6,vnm,5
230,usa,1
147,bel,1
193,gbr,1
34,bel,3
70,ind,2
77,mar,1
362,sau,1
47,isr,1
197,rus,1
80,npl,1
7,lie,1
163,egy,1
45,rou,2
84,svk,1
753,deu,1
80,twn,2
6,est,2
169,chn,1
435,usa,1
59,eth,1
24,geo,1
215,kor,1
29,aut,6
132,irn,4
18,pse,1
50,nga,1
11,isl,1
107,bra,1
110,can,1
12,hkg,2
1186,can,1
9,ner,1
18,swe,10
41,nga,1
6,tjk,1
140,can,1
106,svk,1
105,irn,2
241,bra,1
141,tun,1
51,irl,2
116,irl,1
17,bol,1
33,uga,1
53,bgd,1
199,che,1
39,sgp,1
169,fra,2
88,jpn,1
71,jpn,4
74,can,1
66,est,1
70,tha,1
138,can,1
167,fra,3
2,chl,2
211,fra,1
26,dza,2
176,nld,1
26,fin,3
185,fra,2
59,col,2
105,zaf,1
3,lao,2
67,isr,1
5,ven,1
293,aus,1
110,chn,2
13,sgp,2
19,bgd,1
115,rus,1
25,rus,2
27,kor,1
49,swe,3
33,rou,1
121,aus,2
2,mrt,2
4,svn,2
81,jpn,3
124,aus,2
260,fra,1
20,bgr,4
163,aus,1
177,esp,1
141,irn,1
24,irq,1
64,dnk,1
366,chn,1
56,fin,1
131,twn,1
13,tcd,1
12,yem,1
6,tza,2
447,mar,1
16,bgd,1
186,bel,1
240,sau,1
4,bfa,1
25,hun,1
93,can,1
343,twn,1
52,gha,1
38,chl,1
64,khm,1
108,chn,1
67,grc,1
95,fra,5
41,col,1
93,bel,2
68,irl,3
177,irn,2
108,cze,1
112,aut,1
152,can,2
22,bfa,1
24,lbn,1
48,ind,2
107,irn,1
88,hun,1
66,tto,1
42,pse,1
330,irn,1
126,mys,1
7,gib,1
28,syr,2
55,phl,1
41,zaf,6
45,mar,1
410,usa,1
18,per,2
65,kwt,1
252,nld,1
124,sau,1
65,mys,2
25,ago,1
46,hkg,2
96,deu,6
58,egy,2
39,mex,2
5,brb,1
158,usa,2
57,rou,1
316,che,1
94,bgd,1
55,jpn,4
82,nzl,1
15,hkg,1
162,usa,1
75,can,1
35,dnk,2
264,twn,1
43,isr,4
19,phl,2
14,reu,1
145,dnk,1
159,nld,1
38,geo,1
150,irn,1
95,pak,1
415,bel,1
508,esp,1
117,kor,1
23,mdg,1
157,ita,2
1,aze,4
18,phl,3
63,svk,1
40,mlt,1
112,gbr,4
23,eth,5
113,prt,1
50,kor,1
320,fra,1
105,jpn,1
133,nld,1
41,isr,3
17,arg,2
38,,1
5,uga,3
57,jor,1
12,mkd,1
30,kwt,1
202,fra,2
120,aus,1
26,nga,1
223,fra,1
71,pak,1
84,egy,1
6,pyf,1
90,isr,2
111,esp,1
88,sau,1
74,che,1
179,nld,1
55,eth,1
192,aut,1
429,nld,1
108,ita,2
49,cub,1
30,tha,1
50,omn,3
24,grd,1
207,irn,1
157,usa,2
218,zaf,1
86,rus,1
163,ita,1
124,fra,2
93,irn,2
69,grc,1
43,ken,2
45,dnk,3
17,sen,1
58,srb,2
79,nzl,1
41,mex,2
199,nld,1
124,irn,1
84,tur,2
51,are,1
157,ind,1
54,eth,1
14,rou,5
4,kgz,1
129,deu,1
112,arg,1
949,usa,1
172,can,1
65,zaf,2
16,per,3
48,est,2
26,lao,1
198,nld,1
189,fra,1
86,fin,1
9,hkg,1
21,cyp,1
198,usa,1
84,pan,1
70,aus,1
188,ita,2
107,nld,3
74,ind,1
8,gha,2
9,col,1
50,nor,1
53,tun,6
290,usa,1
56,ken,1
24,irl,1
104,fra,4
293,fra,1
10,bgd,2
29,ury,1
13,kaz,1
471,jpn,1
144,fra,1
17,geo,1
79,tur,1
10,pse,2
103,mar,2
135,bel,1
2,uzb,2
128,grc,1
179,gbr,2
55,swe,1
238,fra,1
155,ita,1
128,esp,1
100,srb,1
313,gbr,1
135,svk,1
9,mli,1
125,isr,1
286,grc,1
7,cog,1
42,srb,2
11,irl,1
23,dza,2
15,cri,1
39,civ,1
45,srb,1
168,syc,1
2,ssd,2
17,cub,1
67,can,2
49,zaf,3
351,usa,1
139,cze,1
49,moz,1
120,can,2
226,per,1
4,cri,1
7,lva,2
37,gmb,1
221,che,1
169,sau,1
136,ita,1
111,dnk,1
94,swe,1
167,che,1
26,gha,2
5,kaz,3
100,sau,2
42,tha,1
39,gha,1
18,dza,6
79,jpn,1
121,deu,1
7,mdg,1
142,esp,2
156,swe,1
115,mys,2
29,hkg,1
292,deu,1
89,aut,1
111,can,2
64,qat,1
260,deu,1
221,nld,1
66,npl,1
85,sau,1
47,rus,1
196,sau,1
1,gib,1
8,ury,1
166,deu,1
152,sau,1
75,bgd,1
44,mex,2
86,hrv,1
121,nor,1
16,tha,1
102,bel,3
62,egy,3
97,mar,2
167,sau,1
348,esp,1
27,,2
98,bra,4
426,can,1
59,mex,1
34,kgz,1
147,grc,1
45,hrv,3
16,uga,1
134,nld,2
113,esp,2
30,lka,1
90,che,1
109,ita,1
178,aut,1
53,swe,2
13,civ,1
128,che,1
9,civ,1
25,rou,1
79,can,3
11,svk,1
120,sau,1
59,mli,1
204,omn,1
208,prt,1
91,srb,1
67,mys,1
201,cze,1
342,usa,1
195,cmr,1
137,prt,1
186,ita,1
37,eth,2
22,irl,1
150,aut,1
106,aus,3
110,ltu,1
141,chn,1
221,prt,1
59,hun,1
100,tun,1
2,dji,2
80,sgp,1
27,twn,1
30,svn,1
108,gbr,1
31,dnk,1
8,cri,1
68,are,2
159,aus,1
89,jor,1
40,tha,2
116,ind,1
149,gbr,2
82,jpn,3
23,hrv,2
148,aus,2
108,tun,2
68,phl,1
362,bra,1
11,gin,1
70,fin,1
247,che,1
427,deu,1
234,nld,1
62,hkg,1
117,,1
41,fin,1
70,nzl,1
58,grc,2
27,zwe,1
329,kor,1
154,fra,2
97,srb,1
132,esp,2
101,rus,1
80,sau,2
126,can,1
3,pri,1
135,gbr,1
91,deu,3
23,ben,1
187,aus,1
37,pak,2
234,can,1
84,pse,1
21,zwe,1
13,ukr,2
42,ecu,1
17,mlt,1
122,gbr,3
20,mdg,1
9,bdi,1
57,mlt,1
399,gbr,1
143,mys,1
11,bgd,1
49,twn,2
32,are,2
90,hkg,1
30,vnm,1
305,nld,1
2,gmb,1
116,gbr,2
120,zaf,1
89,swe,1
101,ind,1
125,aus,1
60,chl,1
71,kwt,1
129,esp,1
159,nor,1
63,ken,1
66,ind,3
41,bgr,1
175,swe,1
1,bol,1
118,usa,2
97,aus,1
170,ind,1
227,qat,1
3,glp,1
16,ben,1
94,irn,4
5,brn,1
68,isr,1
249,nld,1
51,mys,4
60,can,1
23,lbn,2
35,hun,1
33,irl,2
85,can,1
15,sen,2
7,bgd,2
3,wsm,1
64,cze,2
144,usa,3
43,cmr,1
84,prt,2
6,mwi,1
73,can,2
9,mmr,1
335,fra,1
98,swe,1
829,kwt,1
122,pak,1
42,bgd,1
89,nic,1
12,syr,2
74,cyp,1
100,arg,1
10,lka,1
107,ita,1
10,cub,1
21,ltu,1
196,usa,1
225,nld,1
17,mkd,1
192,aus,1
132,che,1
125,irn,2
109,sau,1
56,svn,1
36,svn,1
140,deu,1
175,usa,1
95,twn,1
5,tza,2
85,aus,4
114,tun,1
296,ita,1
35,twn,1
23,cri,1
19,cub,1
127,mar,1
34,bgr,1
65,irn,1
67,ken,1
50,zaf,2
80,are,1
190,chn,1
141,swe,1
428,can,1
132,egy,1
141,usa,2
3,brn,1
143,ita,1
59,nor,1
23,geo,1
87,prt,3
22,hkg,1
154,irn,1
34,eth,1
72,irl,1
31,,3
483,fra,1
108,irn,1
23,rus,3
223,rus,1
190,esp,1
77,yem,1
92,qat,1
591,pak,1
125,pak,1
391,deu,1
38,lbr,1
24,cod,1
78,chn,3
20,tha,1
145,can,1
172,bra,1
30,syr,1
219,fra,1
186,gbr,1
109,esp,3
22,kna,1
23,hkg,1
100,ind,2
402,aus,1
50,mar,1
144,can,1
279,cze,1
30,phl,2
32,srb,1
61,mex,1
17,mmr,1
109,qat,1
11,chl,1
36,syr,1
254,bel,1
13,ken,1
156,hkg,2
161,fra,1
122,fin,1
40,nld,3
105,ind,1
98,moz,1
33,lva,1
121,zaf,1
62,bel,2
48,can,3
299,fra,1
85,egy,2
57,idn,1
37,srb,1
19,ben,2
29,svk,1
25,bgr,1
118,rus,1
75,isl,1
263,usa,1
49,rus,1
124,pak,1
26,qat,1
72,swe,1
51,chl,1
20,,9
37,omn,2
44,aut,1
98,jpn,1
14,cog,1
89,srb,1
108,aut,1
83,che,1
146,ind,1
122,nzl,1
114,nld,1
127,fra,2
63,srb,1
52,hkg,2
2,cri,1
45,lbn,2
273,egy,1
85,prt,2
16,col,1
139,sau,1
6,mac,1
139,omn,1
182,tur,1
51,pol,1
55,cog,1
38,dza,2
84,mex,1
84,bra,2
61,cze,1
13,cog,2
29,pak,2
24,nga,1
28,grc,1
36,hun,1
45,mys,3
3,uzb,2
20,arm,1
68,prt,4
138,ita,1
35,are,2
86,nor,1
229,usa,1
26,zwe,1
36,cze,2
186,sgp,1
283,chn,1
57,isl,1
123,can,1
256,usa,2
151,tun,1
88,chn,3
19,cmr,1
159,deu,1
118,grc,1
606,usa,1
32,kaz,1
1,ner,2
141,ita,2
98,bel,1
60,kor,2
27,hkg,1
16,brn,1
169,jor,1
285,ita,1
6,gtm,1
27,cyp,1
4,ben,1
50,lbn,1
56,jor,1
5,geo,1
102,sgp,1
23,irl,1
39,nzl,1
42,twn,1
26,irl,1
15,cod,1
213,gbr,1
20,lby,1
11,khm,1
135,fra,2
160,mys,1
42,pol,1
38,cze,1
71,sau,3
283,usa,1
157,gbr,2
9,pyf,1
29,dza,1
332,aus,1
160,swe,1
13,npl,1
70,chl,1
143,fin,1
26,bgr,1
107,dnk,1
49,nor,1
1,gin,1
597,deu,1
167,tun,1
359,grc,1
30,eth,3
94,fra,1
140,esp,1
30,lux,1
85,chn,1
320,hkg,1
129,bel,1
62,jor,1
299,aus,1
115,kwt,1
42,syr,1
33,twn,1
99,bra,1
12,ben,1
71,fin,1
13,moz,1
15,chl,2
132,zaf,1
123,aut,1
76,zaf,1
758,zaf,1
19,nzl,3
41,dnk,2
15,mli,1
7,tto,1
179,cyp,1
24,mdg,1
45,nor,1
24,tza,1
124,bel,1
84,che,3
172,ita,2
56,egy,1
77,egy,1
146,irl,1
86,bgd,2
18,bfa,1
40,swe,3
219,zaf,1
75,zaf,2
317,nld,1
14,idn,2
125,bra,1
67,sau,2
4,slv,1
46,gha,1
246,esp,1
126,pak,1
304,sgp,1
49,hkg,1
21,tza,2
97,bel,1
129,zaf,1
605,usa,1
65,lbn,2
77,ita,3
35,sen,1
164,ita,1
117,irn,1
33,dza,1
313,ita,1
53,arg,1
26,uga,1
18,uga,1
21,rou,3
375,irn,1
32,pse,1
31,nga,1
89,dnk,2
138,esp,2
93,ita,2
65,jpn,1
77,col,1
120,esp,2
81,tur,2
145,zaf,1
32,,1
71,ind,2
3,zmb,2
88,qat,1
58,isl,1
115,irn,1
157,fra,1
66,aut,2
130,nor,1
169,irn,1
137,twn,1
132,prt,1
22,bhr,1
78,nld,2
68,nld,5
122,irn,1
53,zaf,1
126,ind,1
143,nga,1
109,tun,1
50,srb,3
22,kwt,4
54,lbn,1
37,cyp,1
97,rou,1
51,zaf,2
83,dnk,1
88,bel,1
7,sle,1
223,mys,1
8,vnm,1
619,usa,1
214,chn,1
58,pol,1
50,mlt,1
59,tha,1
171,mar,1
49,bhr,1
101,ken,1
5,nam,1
65,tha,1
81,hkg,1
130,jpn,1
277,fra,1
175,deu,1
160,can,1
17,cog,1
228,usa,2
160,gbr,1
201,aus,2
264,esp,1
216,sgp,1
78,sau,1
310,fra,1
41,kwt,1
2,flk,1
62,cze,1
179,fin,1
140,kor,1
57,mys,1
79,mar,1
214,irn,1
19,ken,1
389,nld,1
32,cyp,1
308,usa,1
56,tun,2
191,hkg,1
56,are,1
405,usa,1
49,dnk,1
187,deu,1
158,sau,1
407,fra,1
115,cze,1
16,hkg,1
228,can,1
192,irn,1
49,irl,1
189,ita,1
6,ner,1
95,yem,1
226,fra,1
4,guy,1
118,nld,1
99,pol,1
71,can,1
19,irq,1
54,fin,1
90,sgp,1
19,srb,1
104,kor,1
265,usa,1
33,tto,1
19,col,1
78,dnk,1
76,mwi,1
357,esp,1
26,svk,2
187,fra,1
141,mar,1
101,dnk,2
95,prt,1
39,zaf,3
7,afg,1
14,and,1
29,ecu,1
59,egy,4
222,gbr,1
37,uga,1
423,nld,1
57,rus,2
79,khm,1
148,ind,1
225,ken,1
98,prt,1
16,lby,1
25,ncl,1
39,qat,1
452,usa,1
37,kwt,1
88,aus,1
62,pak,1
103,sau,1
90,nor,1
139,usa,1
51,mkd,1
78,cze,1
112,jpn,2
178,chn,1
173,kor,1
59,fin,1
94,bra,2
161,esp,1
46,pol,1
17,lka,1
19,lao,1
18,hkg,1
119,ita,2
33,hun,2
17,yem,1
25,cog,1
11,ury,1
246,can,1
19,uga,1
54,aut,1
27,svn,1
294,gbr,1
20,kaz,1
54,grc,1
340,aus,1
311,irn,1
9,tcd,1
36,jor,1
38,idn,1
111,irn,1
46,mys,3
7,brb,1
389,bel,1
26,dnk,1
15,lux,1
87,che,2
160,che,1
125,kor,1
41,bgd,1
20,est,1
79,lbn,1
153,pol,2
197,prt,1
12,nga,2
29,bgr,1
91,ken,1
8,mrt,1
46,sgp,1
427,ita,1
117,egy,1
65,omn,1
70,kor,1
30,geo,1
102,nld,2
8,svk,1
191,bel,1
98,che,1
15,bgd,2
48,tza,1
74,caf,1
44,kwt,1
101,prt,1
123,bel,1
57,sau,1
89,bgd,1
31,ncl,2
487,can,1
122,aus,1
52,zaf,1
56,mex,1
74,aut,2
7,ecu,1
63,cze,1
19,per,1
13,nic,2
40,bgd,1
66,dza,1
90,prt,1
97,rus,2
54,nzl,1
65,isr,1
98,kor,1
14,yem,1
101,aus,3
345,chn,1
102,ind,1
335,ind,1
218,che,1
638,usa,1
142,jpn,1
192,zaf,1
199,zaf,2
212,ita,1
9,cmr,2
57,nor,1
68,zaf,3
4,nam,1
150,isr,1
158,gbr,2
31,lva,1
141,che,1
314,usa,1
7,est,1
20,cmr,1
102,ita,1
15,sdn,1
80,chn,1
65,est,1
14,vnm,1
18,idn,2
37,tza,1
79,nld,2
6,geo,1
37,zmb,1
7,gha,2
111,pak,1
206,irn,1
306,zaf,1
133,aus,1
72,sau,2
281,usa,1
130,pol,1
16,idn,1
84,cze,1
244,esp,1
79,irn,1
27,idn,1
95,nga,1
18,mco,1
42,irl,1
205,gbr,2
28,irl,2
238,nld,1
143,jpn,1
118,isr,1
42,aut,2
39,ecu,1
242,usa,1
1,cri,1
62,eth,1
258,mys,1
187,can,1
7,khm,1
163,tur,1
121,fra,1
49,phl,1
119,pse,1
3,mtq,1
173,deu,1
152,ita,1
38,nzl,1
120,bel,1
136,esp,1
33,pan,1
21,bih,1
24,cmr,1
72,nga,1
60,mar,1
224,ita,1
195,fra,1
84,deu,2
168,esp,1
90,isl,1
53,mar,1
28,fin,1
39,aut,1
39,cze,2
104,bel,1
67,cze,1
77,aus,1
65,aut,1
578,usa,1
51,mwi,1
141,deu,1
23,twn,1
361,lbn,1
6,aze,1
1344,hkg,1
92,est,1
102,bfa,1
118,gbr,1
38,zaf,3
187,usa,2
147,chn,1
161,gbr,1
19,svn,1
287,bel,1
140,aus,1
56,nor,1
21,hrv,2
62,zaf,2
6,cub,3
284,aus,1
95,gbr,2
33,brn,1
127,mys,1
14,mlt,1
27,ltu,1
2,ury,1
441,pak,1
45,,1
32,bra,2
17,ecu,2
67,hun,1
197,bra,1
33,qat,1
2,sur,1
102,aut,1
76,mys,1
122,ita,1
124,cze,1
29,bwa,1
7,ner,1
82,qat,1
76,irn,1
14,cub,2
33,lby,1
3,cmr,2
64,swe,1
277,rus,1
86,irn,1
103,bel,1
75,lbn,1
60,twn,2
12,gha,2
10,ury,1
188,sau,1
48,svn,2
16,tza,1
18,yem,1
424,deu,1
23,est,1
144,tha,1
305,twn,1
45,phl,1
173,omn,1
236,bra,1
172,isr,1
61,,1
73,tha,1
72,kor,3
117,jpn,1
27,vnm,1
68,dnk,1
38,cog,1
40,ncl,1
88,hkg,1
120,nor,1
25,sdn,1
406,gbr,1
89,nld,1
138,egy,2
38,mys,4
130,fra,2
48,omn,1
85,aut,1
93,chl,1
61,nor,1
428,esp,1
39,mar,2
399,nld,1
36,arg,2
3,alb,1
145,aus,1
321,deu,1
256,ita,1
74,bra,2
4,mac,1
23,tto,1
79,fin,1
85,rou,1
34,mwi,1
116,tur,1
80,rus,1
24,sgp,1
39,hun,1
85,sen,1
43,col,1
6,bol,1
299,irn,1
3,tkl,1
454,deu,1
64,bra,2
82,cze,1
4,sen,1
117,chn,1
36,nzl,2
40,khm,1
171,grc,1
18,twn,1
146,mys,1
37,svk,1
177,deu,1
1306,sau,1
48,irl,1
128,npl,1
29,nor,2
173,tha,1
3,brb,1
44,irl,1
80,nld,1
627,kor,1
141,kor,1
38,sgp,2
114,grc,1
36,btn,1
84,tun,1
138,are,1
140,ita,1
56,cze,1
21,vnm,1
180,jor,1
3,gin,1
14,est,1
40,kwt,1
79,rus,1
83,sgp,1
84,zaf,1
40,rou,1
30,dnk,1
3,ltu,1
9,bwa,1
20,qat,3
13,mdg,1
48,nor,1
64,tur,1
150,omn,1
237,can,1
30,ken,1
49,dza,1
151,usa,1
105,egy,1
91,dnk,1
75,swe,1
59,vnm,1
114,che,1
42,fin,1
146,bel,1
16,cmr,1
24,per,1
11,mlt,1
123,ita,1
26,blr,1
287,usa,1
121,che,1
118,dnk,1
4,gha,1
28,pak,3
66,tur,1
247,usa,1
53,jor,1
56,twn,1
39,mdg,1
50,khm,1
4,tgo,1
172,hkg,1
191,usa,1
130,usa,2
39,,2
200,chn,1
165,fra,1
19,tha,1
333,ind,1
225,usa,1
133,chn,1
92,dza,1
251,fra,1
11,sdn,1
100,ken,1
242,ita,1
4,mkd,1
58,bgd,1
251,nld,1
98,egy,1
34,cyp,1
171,chn,1
164,bgd,1
143,swe,1
120,gbr,2
118,che,1
33,lux,1
8,lva,1
384,can,1
245,jpn,1
1,lie,1
135,esp,2
68,rus,1
5,bfa,1
91,gmb,1
82,pak,1
17,caf,1
84,isr,1
82,dnk,1
19,sdn,1
235,deu,1
48,dnk,1
40,sen,1
263,hkg,1
388,usa,1
43,aut,2
33,idn,1
181,hkg,1
169,ind,1
229,tur,1
22,zmb,1
19,rou,1
312,fra,1
184,usa,1
376,ita,1
110,nld,1
162,ita,1
90,sau,1
145,esp,1
104,chn,2
16,ukr,1
35,svn,1
20,uzb,1
206,fra,1
762,usa,1
11,png,1
76,cyp,1
8,nic,1
238,grd,1
70,,1
14,bgr,3
117,ita,1
24,bgd,1
82,rus,1
70,cog,1
89,cog,1
131,irn,1
49,irn,1
19,mlt,1
56,col,1
353,usa,1
217,swe,1
136,ind,1
154,chn,1
258,usa,1
228,gbr,1
192,can,1
24,ben,1
262,mys,1
44,nor,1
14,mco,1
157,esp,1
54,lux,1
33,zwe,1
66,zaf,1
21,col,1
4,som,1
87,aut,1
66,irn,1
27,geo,1
387,bra,1
164,fra,1
23,irq,1
66,arg,1
39,syr,1
40,nzl,1
26,rou,3
101,tur,1
259,gbr,1
61,tur,1
131,gha,1
116,fra,1
189,egy,1
111,gbr,1
17,tto,1
120,ita,1
24,ncl,1
17,nam,1
34,zwe,1
38,syr,1
57,lca,1
24,chl,1
15,est,1
73,bel,1
135,sdn,1
105,kor,1
35,bgr,1
13,grd,1
156,sen,1
82,chn,3
770,usa,1
78,hun,1
121,pak,1
5,cod,1
63,grc,1
147,ita,1
45,arg,1
134,chl,1
22,kor,1
42,zaf,1
40,aut,1
18,sgp,2
73,ita,1
50,brn,1
7,mus,1
63,isr,1
112,esp,1
105,dnk,1
329,gbr,1
26,cub,1
1,dom,1
47,swe,2
279,fra,1
104,rus,1
58,ken,1
60,zaf,1
42,are,1
58,lbn,1
14,irq,1
4,vnm,1
145,mex,1
65,qat,1
2,gab,1
326,rus,1
48,cri,1
99,moz,1
10,ltu,2
382,swe,1
55,cmr,1
67,srb,1
37,mex,1
82,mar,1
23,cmr,1
665,deu,1
35,nga,1
657,chn,1
73,grc,1
227,aus,1
323,ind,1
82,che,2
18,irq,1
14,twn,1
97,bgr,1
92,swe,1
87,tur,1
39,cmr,1
310,usa,2
60,idn,1
181,ita,1
169,gbr,1
1,zmb,1
9,kaz,1
12,tgo,1
342,zaf,1
6,bih,1
36,kaz,1
265,mys,1
5,ltu,1
46,yem,1
5,vnm,1
14,pse,1
14,ukr,1
10,cpv,1
100,nzl,1
99,srb,1
142,tur,1
3,tza,1
73,bhr,1
15,per,1
103,dnk,1
22,cze,1
177,hun,1
140,twn,1
211,usa,1
107,nor,1
187,che,2
25,mco,1
191,gbr,1
73,prt,1
115,prt,1
15,mdg,1
4,lao,1
176,bel,1
218,usa,1
130,ita,1
43,bhr,1
68,vnm,1
60,bih,1
140,bra,1
53,rus,2
11,mng,1
30,chl,1
3,pan,1
87,chn,1
116,irn,1
10,eri,1
52,tha,1
174,nld,1
165,ind,1
143,prt,1
2,aze,1
3,rwa,1
290,esp,1
52,pol,1
135,hkg,1
100,nld,1
84,mar,1
119,rus,1
209,gbr,1
11,mac,1
91,irn,2
62,pse,1
237,gbr,1
52,zmb,1
20,fin,1
46,rwa,1
432,che,1
32,chl,1
307,hkg,1
32,kor,1
16,nor,2
82,pol,1
89,chn,1
166,aus,1
106,sau,1
104,tun,1
28,tha,1
237,rus,1
49,kor,1
187,nld,1
18,syr,1
197,deu,1
118,can,1
176,zaf,1
198,tun,1
29,irl,1
131,esp,2
33,kor,2
274,ita,1
234,fra,1
47,mys,1
892,hkg,1
96,can,1
25,irl,1
33,bgr,1
28,bgr,1
120,isr,1
42,nzl,1
51,idn,1
8,mwi,1
1,mng,1
203,gbr,1
180,aus,1
178,che,1
75,egy,1
7,geo,1
656,irn,1
2,rwa,1
22,lka,1
1,pyf,1
38,svk,2
432,esp,1
3,fji,1
104,bra,1
191,chn,1
78,rou,1
1,kgz,1
14,kaz,1
58,mex,1
64,isr,1
563,aus,1
145,fra,1
362,can,1
57,kwt,1
345,esp,1
5,cmr,1
13,mli,1
109,kor,1
15,geo,1
118,lbn,1
165,chn,1
199,can,1
58,ncl,1
226,gbr,1
101,swe,1
44,cze,3
38,nor,1
7,sen,1
85,mex,1
131,mys,1
245,fra,1
43,yem,1
176,usa,1
69,rou,1
51,lbn,1
92,jpn,1
298,usa,1
80,nor,1
40,lbn,1
287,esp,1
54,egy,2
18,brn,1
71,chn,2
15,cmr,1
44,are,1
3,tjk,1
61,isr,1
95,irn,1
29,sdn,1
273,prt,1
92,tun,1
1622,nor,1
6,sgp,1
180,esp,1
191,swe,1
197,swe,1
38,bfa,1
339,usa,1
11,irq,1
139,dnk,1
299,esp,1
77,pol,1
35,nzl,1
62,tha,1
67,che,1
6,civ,1
106,esp,1
269,ita,1
114,nzl,1
302,chn,1
47,lux,1
241,bel,1
232,jpn,1
55,pol,1
94,col,1
71,nor,1
93,irl,1
236,deu,1
269,vnm,1
41,sgp,1
199,kor,1
219,usa,1
32,hkg,1
128,jpn,1
119,twn,1
34,hkg,1
97,are,1
139,deu,1
31,bfa,1
48,hkg,1
71,tur,1
52,col,1
140,chn,1
449,usa,1
118,bra,1
105,omn,1
120,deu,1
184,nzl,1
113,che,1
6,bwa,1
103,rus,1
54,zmb,1
97,hrv,1
40,png,1
74,tur,1
234,nga,1
238,deu,1
67,nzl,1
95,egy,1
250,esp,1
69,egy,1
85,grc,1
73,fin,1
129,prt,1
220,sau,1
236,tur,1
331,twn,1
149,sgp,1
103,eth,1
66,rus,1
37,qat,1
178,sau,1
271,jpn,1
75,gha,1
41,rou,1
66,gin,1
74,pol,1
73,tun,1
184,gbr,1
52,npl,1
49,rou,1
744,gbr,1
224,twn,1
14,ltu,1
283,fra,1
296,fra,1
139,bra,1
55,bel,1
8,bdi,1
80,pol,1
125,ita,1
834,aut,1
150,hkg,1
112,tur,1
13,mrt,1
153,gbr,1
198,deu,1
61,grc,1
337,gbr,1
15,lby,1
413,aus,1
351,gbr,1
310,swe,1
13,tza,1
57,,1
134,lka,1
18,cyp,1
235,aus,1
270,ind,1
182,chn,1
162,fra,1
173,tur,1
267,can,1
189,usa,1
14,tza,1
3,ner,1
123,irn,1
189,ind,1
139,jpn,1
309,deu,1
81,grc,1
66,kor,1
21,ecu,1
230,bra,1
232,fra,1
203,bra,1
43,che,1
47,ken,1
40,pol,1
122,prt,1
46,irl,1
110,bra,1
16,nam,1
60,gha,1
120,tha,1
14,lka,1
99,isr,1
22,nga,1
65,bfa,1
64,ven,1
21,mlt,1
185,zaf,1
4,pan,1
104,ind,1
214,aus,1
86,pol,1
201,usa,1
237,esp,1
31,pse,1
92,mys,1
175,chn,1
131,sau,1
6,pan,1
99,chn,1
61,lbn,1
121,tun,1
40,gin,1
58,mar,1
99,cmr,1
86,che,1
185,deu,1
133,nga,1
189,gbr,1
134,prt,1
407,esp,1
55,che,1
183,ecu,1
199,mys,1
13,brb,1
